"","Id","MSSubClass","LotFrontage","LotArea","OverallQual","OverallCond","YearBuilt","YearRemodAdd","MasVnrArea","BsmtFinSF1","BsmtFinSF2","BsmtUnfSF","TotalBsmtSF","X1stFlrSF","X2ndFlrSF","LowQualFinSF","BsmtFullBath","BsmtHalfBath","FullBath","HalfBath","BedroomAbvGr","KitchenAbvGr","TotRmsAbvGrd","Fireplaces","GarageYrBlt","GarageCars","GarageArea","WoodDeckSF","OpenPorchSF","EnclosedPorch","X3SsnPorch","ScreenPorch","PoolArea","MiscVal","MoSold","YrSold","lGrLivArea","lSalePrice","lTotalBsmtSF","lX1stFlrSF","lX2ndFlrSF"
"1",1,60,65,8450,7,5,2003,2003,196,706,0,150,856,856,854,0,1,0,2,1,3,1,8,0,2003,2,548,0,61,0,0,0,0,0,2,2008,7.44424864949671,12.247694320221,6.75227037614174,6.75227037614174,6.74993119378857
"3",3,60,68,11250,7,5,2001,2002,162,486,0,434,920,920,866,0,1,0,2,1,3,1,6,1,2001,2,608,0,42,0,0,0,0,0,9,2008,7.48773376143644,12.3171666930358,6.82437367004309,6.82437367004309,6.76388490856244
"4",4,70,60,9550,7,5,1915,1970,0,216,0,540,756,961,756,0,1,0,1,0,3,1,7,1,1998,3,642,0,35,272,0,0,0,0,2,2006,7.44833386089748,11.8493977015914,6.62804137617953,6.86797440897029,6.62804137617953
"5",5,60,84,14260,8,5,2000,2000,350,655,0,490,1145,1145,1053,0,1,0,2,1,4,1,9,1,2000,3,836,192,84,0,0,0,0,0,12,2008,7.69530313496357,12.4292161968444,7.04315991598834,7.04315991598834,6.95939851213398
"6",6,50,85,14115,5,5,1993,1995,0,732,0,64,796,796,566,0,1,0,1,1,1,1,5,0,1993,2,480,40,30,0,320,0,0,700,10,2009,7.21670948670946,11.870599909242,6.67959918584438,6.67959918584438,6.33859407820318
"9",9,50,51,6120,7,5,1931,1950,0,0,0,952,952,1022,752,0,0,0,2,0,2,2,8,2,1931,2,468,90,0,205,0,0,0,0,4,2008,7.48099216286952,11.7745202026587,6.85856503479136,6.92951677076365,6.62273632394984
"12",12,60,85,11924,9,5,2005,2006,286,998,0,177,1175,1182,1142,0,1,0,3,0,4,1,11,2,2005,3,736,147,21,0,0,0,0,0,7,2006,7.7510451179718,12.7512996960135,7.06902342657826,7.07496319796604,7.04053639021596
"21",21,60,101,14215,8,5,2005,2006,380,0,0,1158,1158,1158,1218,0,0,0,3,1,4,1,9,1,2005,3,853,240,154,0,0,0,0,0,11,2006,7.77317368048254,12.6925031124614,7.05444965813294,7.05444965813294,7.10496544826984
"31",31,70,50,8500,4,4,1920,1950,0,0,0,649,649,649,668,0,0,0,1,0,3,1,6,0,1920,1,250,0,54,172,0,0,0,0,7,2008,7.18311170174328,10.5966347330961,6.47543271670409,6.47543271670409,6.50428817353665
"36",36,60,108,13418,8,5,2004,2005,132,0,0,1117,1117,1132,1320,0,0,0,3,1,4,1,9,1,2004,3,691,113,32,0,0,0,0,0,9,2006,7.8046592970561,12.6410965558799,7.0184017990692,7.03174125876313,7.18538701558042
"47",47,50,48,12822,7,5,2003,2003,0,1351,0,83,1434,1518,631,0,1,0,1,1,1,1,6,1,2003,2,670,168,43,0,0,198,0,0,8,2009,7.67275789664251,12.3870850123755,7.26822302115957,7.32514895795557,6.44730586254121
"57",57,160,24,2645,8,5,1999,2000,456,649,0,321,970,983,756,0,1,0,2,1,3,1,7,0,1999,2,480,115,0,0,0,0,0,0,8,2009,7.46106551435428,12.0581525154536,6.87729607149743,6.89060912014717,6.62804137617953
"58",58,60,89,11645,7,5,2004,2004,0,0,0,860,860,860,860,0,0,0,2,1,3,1,7,0,2004,2,565,0,70,0,0,0,0,0,8,2006,7.4500795698075,12.1884177102915,6.75693238924755,6.75693238924755,6.75693238924755
"59",59,60,66,13682,10,5,2006,2006,1031,0,0,1410,1410,1426,1519,0,0,0,3,1,3,1,10,1,2006,3,641,192,0,37,0,0,0,0,10,2006,7.98786409608569,12.9917534274931,7.25134498337221,7.26262860097424,7.32580750259577
"62",62,75,60,7200,5,7,1920,1996,0,0,0,530,530,581,530,0,0,0,1,0,3,1,6,0,1935,1,288,0,0,144,0,0,0,0,3,2007,7.01301578963963,11.5228757958234,6.27287700654617,6.36475075685191,6.27287700654617
"64",64,70,50,10300,7,6,1921,1950,0,0,0,576,576,902,808,0,0,0,2,0,3,1,9,0,1990,2,480,12,11,64,0,0,0,0,4,2010,7.44424864949671,11.8493977015914,6.35610766069589,6.80461452006262,6.69456205852109
"66",66,60,76,9591,8,5,2004,2005,344,0,0,1143,1143,1143,1330,0,0,0,2,1,4,1,9,1,2004,3,852,192,151,0,0,0,0,0,10,2007,7.81318726752142,12.6666570528594,7.04141166379481,7.04141166379481,7.1929342212158
"70",70,50,81,15593,7,4,1953,1953,0,603,0,701,1304,1304,983,0,0,0,2,0,3,1,7,1,1953,2,667,0,21,114,0,0,0,0,7,2006,7.73499619402278,12.3238556811866,7.1731917424866,7.1731917424866,6.89060912014717
"73",73,60,74,10141,7,5,1998,1998,40,0,0,832,832,885,833,0,0,0,2,1,3,1,7,1,1998,2,427,0,94,0,0,291,0,0,12,2009,7.4489161025442,12.1281111040605,6.72383244082121,6.78558764500793,6.72503364216684
"75",75,50,60,5790,3,6,1915,1950,0,0,0,840,840,840,765,0,0,0,2,0,3,2,8,0,1915,1,379,0,0,202,0,0,0,0,5,2010,7.38087903556412,11.5843154610569,6.73340189183736,6.73340189183736,6.63987583382654
"76",76,180,21,1596,4,5,1973,1973,0,462,0,0,462,526,462,0,1,0,1,0,2,1,5,0,1973,1,297,120,101,0,0,0,0,0,11,2009,6.89568269774787,11.418614785499,6.13556489108174,6.26530121273771,6.13556489108174
"78",78,50,50,8635,5,5,1948,2001,0,336,41,295,672,1072,213,0,1,0,1,0,2,1,6,0,1948,1,240,0,0,0,0,0,0,0,1,2008,7.15851399732932,11.7519423654407,6.51025834052315,6.97728134163075,5.36129216570943
"80",80,50,60,10440,5,6,1910,1981,0,0,0,440,440,682,548,0,0,0,1,1,2,1,5,0,1966,2,440,74,0,128,0,0,0,0,5,2009,7.11476944836646,11.6082356447746,6.08677472691231,6.52502965784346,6.30627528694802
"81",81,60,100,13000,6,6,1968,1968,576,448,0,448,896,1182,960,0,0,0,2,1,4,1,8,1,1968,1,509,0,72,0,0,252,0,0,6,2009,7.66949525100769,12.173032791452,6.79794041297493,7.07496319796604,6.86693328446188
"86",86,60,121,16059,8,5,1991,1992,284,0,0,1288,1288,1301,1116,0,0,0,2,1,4,1,9,1,1991,2,462,127,82,0,0,0,0,0,4,2006,7.79028238070348,12.4684369099977,7.1608459066643,7.1708884785125,7.01750614294126
"87",87,60,122,11911,6,5,2005,2005,0,0,0,684,684,684,876,0,0,0,2,1,3,1,6,1,2005,2,400,100,38,0,0,0,0,0,3,2009,7.35244110024358,12.0668105781967,6.52795791762255,6.52795791762255,6.77536609093639
"88",88,160,40,3951,6,5,2009,2009,76,0,0,612,612,612,612,0,0,0,2,1,2,1,4,0,2009,2,528,0,234,0,0,0,0,0,6,2009,7.10987946307227,12.0106658491876,6.41673228251233,6.41673228251233,6.41673228251233
"94",94,190,60,7200,6,6,1910,1998,0,1046,0,168,1214,1260,1031,0,0,1,2,0,4,2,9,1,1900,2,506,0,0,0,0,99,0,0,11,2007,7.7367436824535,11.8048485316793,7.10167597161944,7.13886699994552,6.93828448401696
"95",95,60,69,9337,6,5,1997,1997,0,648,0,176,824,905,881,0,1,0,2,1,3,1,7,0,1997,2,684,0,162,0,0,0,0,0,5,2007,7.48773376143644,12.2295450017153,6.71417052990947,6.80793494369993,6.78105762593618
"102",102,60,77,9206,6,5,1985,1985,336,0,0,741,741,977,755,0,0,0,2,1,3,1,7,1,1985,2,476,192,46,0,0,0,0,0,6,2010,7.45703208912238,12.0895388292742,6.60800062529609,6.88448665204278,6.62671774924902
"106",106,60,75,9375,8,5,2003,2004,768,0,0,1053,1053,1053,939,0,0,0,2,1,3,1,9,1,2003,2,648,140,45,0,0,0,0,0,8,2008,7.59689443814454,12.4292161968444,6.95939851213398,6.95939851213398,6.84481547920826
"111",111,50,75,9525,6,4,1954,1972,0,444,0,550,994,1216,639,0,0,0,2,0,4,1,7,0,1954,1,325,182,0,0,0,0,0,0,10,2006,7.52563997504154,11.8270060112765,6.90173720665657,7.10332206252611,6.45990445437753
"113",113,60,77,9965,7,5,2007,2007,220,984,0,280,1264,1282,1414,0,1,0,2,1,4,1,10,1,2007,3,792,120,184,0,0,168,0,0,10,2007,7.8995244720322,12.8583197035179,7.1420365747068,7.15617663748062,7.25417784645652
"115",115,70,61,7259,6,8,1945,2002,0,774,150,104,1028,1436,884,0,1,0,2,1,3,1,9,1,1945,1,180,224,0,0,0,0,0,0,7,2007,7.74932246466036,12.4665119815881,6.93537044601511,7.26961674960817,6.78445706263764
"116",116,160,34,3230,6,5,1999,1999,1129,419,0,310,729,729,729,0,0,0,2,1,2,1,5,1,1999,2,440,0,32,0,0,0,0,0,6,2007,7.2848209125686,12.0782392740203,6.59167373200866,6.59167373200866,6.59167373200866
"119",119,60,90,12376,7,5,1990,1990,0,1470,0,203,1673,1699,1523,0,1,0,3,0,5,1,11,2,1990,3,594,367,0,0,0,0,0,0,5,2010,8.07775756373692,12.6760762747759,7.42237370098682,7.43779512167193,7.32843735289516
"120",120,60,65,8461,6,5,2005,2006,0,0,0,728,728,728,728,0,0,0,2,1,3,1,8,1,2005,2,390,0,24,0,0,0,0,0,7,2006,7.28344822875663,12.0075607293375,6.59030104819669,6.59030104819669,6.59030104819669
"122",122,50,50,6060,4,5,1939,1950,0,0,0,732,732,772,351,0,0,0,1,0,3,1,4,0,1979,1,264,0,0,140,0,0,0,0,6,2007,7.02375895473844,11.5129254649702,6.59578051396131,6.64898455002478,5.86078622346587
"129",129,60,69,7590,6,5,1966,1966,266,512,0,148,660,660,688,0,0,0,1,1,3,1,6,1,1966,2,453,188,108,0,0,0,0,0,7,2006,7.20637729147225,11.9511803959014,6.49223983502047,6.49223983502047,6.53378883793334
"131",131,60,88,14200,7,6,1966,1966,309,445,0,479,924,1216,941,0,0,0,2,1,4,1,8,2,1966,2,487,105,66,0,0,0,0,0,5,2006,7.67647364638916,12.3282902782544,6.82871207164168,7.10332206252611,6.84694313958538
"139",139,60,73,9066,8,5,1999,2000,320,668,0,336,1004,1004,848,0,0,0,2,1,3,1,7,2,1999,3,660,224,106,0,0,0,0,0,12,2008,7.52402141520612,12.3458345879053,6.91174730025167,6.91174730025167,6.7428806357919
"140",140,60,65,15426,6,5,1997,1997,0,821,0,107,928,928,836,0,1,0,2,1,3,1,7,0,1997,2,470,276,99,0,0,0,0,0,8,2009,7.47533923656674,12.3523351525084,6.8330317327862,6.8330317327862,6.7286286130847
"143",143,50,71,8520,5,4,1952,1952,0,507,0,403,910,910,475,0,0,0,2,0,4,1,6,0,2000,2,720,0,0,0,0,0,0,0,6,2010,7.23345541862144,12.0197430673387,6.8134445995109,6.8134445995109,6.16331480403464
"146",146,160,24,2522,6,5,2004,2006,50,0,0,970,970,970,739,0,0,0,2,0,3,1,7,0,2004,2,380,0,40,0,0,0,0,0,4,2006,7.44366368311559,11.7752897294377,6.87729607149743,6.87729607149743,6.6052979209482
"158",158,60,92,12003,8,5,2009,2010,84,0,0,774,774,774,1194,0,0,0,2,1,4,1,8,1,2009,3,680,0,75,0,0,0,0,0,5,2010,7.5847730776122,12.5043236693312,6.65157187358973,6.65157187358973,7.08506429395255
"159",159,60,100,12552,7,5,2004,2005,0,222,0,769,991,991,956,0,0,0,2,1,3,1,8,1,2004,2,678,0,136,0,0,0,0,0,5,2010,7.5740450053722,12.4486265903642,6.89871453432999,6.89871453432999,6.8627579130514
"160",160,60,134,19378,7,5,2005,2006,456,57,0,1335,1392,1392,1070,0,1,0,2,1,4,1,9,1,2006,2,576,239,132,0,168,0,0,0,3,2006,7.8087293067444,12.6760762747759,7.23849684089437,7.23849684089437,6.97541392745595
"162",162,60,110,13688,9,5,2003,2004,664,1016,0,556,1572,1572,1096,0,1,0,2,1,3,1,10,2,2003,3,726,400,0,0,0,0,0,0,3,2008,7.88908440703551,12.9299914847569,7.36010397298915,7.36010397298915,6.99942246750796
"165",165,40,40,5400,6,7,1926,2004,0,370,0,779,1149,1149,467,0,0,0,2,0,3,1,5,0,1926,1,216,0,0,183,0,0,0,0,10,2007,7.38770923908104,11.9316357998284,7.04664727784876,7.04664727784876,6.1463292576689
"168",168,60,86,10562,8,5,2007,2007,300,1288,0,294,1582,1610,551,0,1,0,1,1,3,1,8,1,2007,3,789,178,120,0,0,0,0,0,11,2007,7.67832635650689,12.6934986204678,7.3664451483276,7.38398945797851,6.31173480915291
"169",169,60,62,8244,7,5,2004,2004,0,0,0,840,840,840,880,0,0,0,2,1,3,1,7,1,2004,2,440,100,48,0,0,0,0,0,5,2007,7.4500795698075,12.1199699464768,6.73340189183736,6.73340189183736,6.77992190747225
"173",173,160,44,5306,7,7,1987,1987,0,495,215,354,1064,1064,703,0,1,0,2,0,2,1,5,1,1987,2,504,441,35,0,0,0,0,0,6,2006,7.4770384723197,12.3842188309136,6.96979066990159,6.96979066990159,6.55535689181067
"177",177,60,97,10029,6,5,1988,1989,268,831,0,320,1151,1164,896,0,0,1,2,1,4,1,8,1,1988,2,521,0,228,0,0,192,0,0,9,2007,7.63046126178363,12.2596134124582,7.04838640872188,7.05961762829138,6.79794041297493
"182",182,70,54,7588,7,6,1920,1950,0,352,0,441,793,901,901,0,0,0,1,1,4,1,9,1,1920,1,216,0,0,40,0,0,0,0,7,2006,7.49665243816828,12.2065725205718,6.67582322163485,6.80350525760834,6.80350525760834
"184",184,50,63,11426,7,5,2003,2003,0,0,0,1362,1362,1362,720,0,0,0,2,1,3,1,6,0,2003,2,484,280,238,0,0,0,0,0,6,2008,7.64108424917491,12.2060726455302,7.21670948670946,7.21670948670946,6.5792512120101
"185",185,50,92,7438,5,8,1908,1991,0,0,0,504,504,936,316,0,0,0,1,0,3,1,5,0,1986,2,576,104,0,0,0,0,0,0,6,2006,7.13249755166004,11.7519423654407,6.22257626807137,6.84161547647759,5.75574221358691
"186",186,75,90,22950,10,9,1892,1993,0,0,0,1107,1107,1518,1518,572,0,0,2,1,4,1,12,2,1993,3,840,0,260,0,0,410,0,0,6,2006,8.19090888118251,13.0710700830168,7.00940893270864,7.32514895795557,7.32514895795557
"188",188,50,60,10410,5,7,1916,1987,0,0,0,660,660,808,704,144,0,0,2,1,3,1,8,0,1916,1,180,0,0,0,140,0,0,0,8,2009,7.4121603349452,11.8130300574206,6.49223983502047,6.69456205852109,6.55677835615804
"191",191,70,70,10570,8,8,1932,1994,0,297,0,556,853,1549,1178,0,0,0,2,1,3,1,10,2,1932,2,440,0,74,0,0,0,0,0,12,2007,7.91095738284559,12.6603279178078,6.74875954749168,7.34536484041687,7.07157336421153
"194",194,160,24,2522,7,5,2004,2004,50,0,0,970,970,970,739,0,0,0,2,0,3,1,7,0,2004,2,380,0,40,0,0,0,0,0,5,2006,7.44366368311559,11.7752897294377,6.87729607149743,6.87729607149743,6.6052979209482
"196",196,160,24,2280,6,6,1976,1976,0,566,0,289,855,855,601,0,0,0,2,1,3,1,7,1,1976,2,440,87,0,0,0,0,0,0,7,2009,7.28344822875663,11.9083402372249,6.75110146893676,6.75110146893676,6.39859493453521
"198",198,75,174,25419,8,4,1918,1990,0,1036,184,140,1360,1360,1360,392,1,1,2,0,4,1,8,1,1918,2,795,0,16,552,0,0,512,0,3,2006,8.04302088529828,12.3673407931263,7.2152399787301,7.2152399787301,7.2152399787301
"203",203,50,50,7000,6,6,1924,1950,0,617,0,0,617,865,445,0,0,0,2,0,2,1,6,0,1924,1,398,0,0,126,0,0,0,0,5,2006,7.1777824161952,11.6262541502772,6.42486902390539,6.76272950693188,6.09807428216624
"205",205,50,50,3500,5,7,1947,1950,0,312,0,408,720,720,564,0,0,0,1,1,2,1,5,0,1948,1,240,0,35,0,0,0,0,0,4,2009,7.15773548424991,11.6082356447746,6.5792512120101,6.5792512120101,6.33505425149806
"213",213,60,72,8640,7,5,2009,2009,0,822,0,78,900,932,920,0,1,0,2,1,3,1,7,1,2009,2,644,168,108,0,0,0,0,0,7,2009,7.52402141520612,12.4398712298317,6.80239476332431,6.83733281468559,6.82437367004309
"218",218,70,57,9906,4,4,1925,1950,0,0,0,686,686,810,518,0,0,0,1,0,3,1,8,0,1940,1,210,0,172,60,0,0,0,0,9,2006,7.19142933003638,11.580584113444,6.53087762772588,6.69703424766648,6.24997524225948
"223",223,60,85,11475,6,6,1975,1975,0,550,0,163,713,811,741,0,1,0,2,1,3,1,6,1,1975,2,434,209,208,0,0,0,0,0,2,2006,7.34729970074316,12.1001564199386,6.5694814204143,6.69826805411541,6.60800062529609
"226",226,160,21,1680,5,5,1971,1971,142,0,0,630,630,630,672,0,0,0,2,1,3,1,6,0,1991,1,280,0,0,0,0,0,0,0,5,2009,7.17165682276851,11.6262541502772,6.44571981938558,6.44571981938558,6.51025834052315
"227",227,60,82,9950,7,5,1995,1995,290,565,0,638,1203,1214,1306,0,0,0,2,1,4,1,9,1,1995,3,721,224,114,0,0,0,0,0,6,2007,7.83201418050547,12.5776362019627,7.09257371597468,7.10167597161944,7.17472430983638
"228",228,160,21,1869,6,6,1970,1970,127,321,0,162,483,483,504,0,0,0,1,1,2,1,5,0,1987,1,280,0,0,0,0,0,0,0,9,2008,6.89467003943348,11.5711943730942,6.18001665365257,6.18001665365257,6.22257626807137
"232",232,60,174,15138,8,5,1995,1996,506,689,0,773,1462,1490,1304,0,1,0,2,1,4,1,9,1,1995,3,810,0,146,202,0,0,0,0,7,2009,7.93522953981691,12.9066918409288,7.28756064030972,7.30653139893951,7.1731917424866
"233",233,160,21,1680,6,5,1972,1972,297,0,0,483,483,483,504,0,0,0,1,1,2,1,5,1,1972,1,288,0,0,0,0,0,0,0,6,2006,6.89467003943348,11.4563551134818,6.18001665365257,6.18001665365257,6.22257626807137
"236",236,160,21,1680,6,3,1971,1971,604,358,0,125,483,483,504,0,0,0,1,1,2,1,5,0,1971,1,264,0,0,0,0,0,0,0,8,2008,6.89467003943348,11.4019939042629,6.18001665365257,6.18001665365257,6.22257626807137
"240",240,50,52,8741,6,4,1945,1950,0,94,0,641,735,798,689,0,0,0,1,1,3,1,7,1,1949,1,220,0,140,0,0,0,0,0,4,2010,7.30451594646016,11.6351430976945,6.59987049921284,6.68210859744981,6.53524127101366
"243",243,50,63,5000,5,4,1900,1950,0,0,0,540,540,889,551,0,0,0,1,0,3,1,6,0,1940,1,352,0,0,77,0,0,0,0,4,2006,7.27239839257005,11.2772031314492,6.29156913955832,6.7900972355139,6.31173480915291
"244",244,160,75,10762,6,6,1980,1980,0,0,0,626,626,626,591,0,0,0,1,1,3,1,6,1,1980,1,288,0,28,0,0,0,0,0,4,2009,7.10414409298753,11.6952470217642,6.4393503711001,6.4393503711001,6.3818160174061
"247",247,190,69,9142,6,8,1910,1950,0,0,0,1020,1020,908,1020,0,0,0,2,0,4,2,9,0,1910,1,440,0,60,112,0,0,0,0,4,2006,7.56423847517049,11.8277362048103,6.92755790627832,6.81124437860129,6.92755790627832
"249",249,60,72,11317,7,5,2003,2003,101,0,0,840,840,840,828,0,0,0,2,1,3,1,8,0,2003,2,500,144,68,0,0,0,0,0,9,2007,7.41938058291869,12.1007121298723,6.73340189183736,6.73340189183736,6.71901315438526
"253",253,60,65,8366,6,5,2004,2004,0,0,0,798,798,798,842,0,0,0,2,1,3,1,6,0,2004,2,520,138,45,0,0,0,0,0,12,2008,7.40245152081824,12.0610468734799,6.68210859744981,6.68210859744981,6.73578001424233
"256",256,60,66,8738,7,5,1999,1999,302,0,0,975,975,1005,1286,0,0,0,2,1,4,1,8,1,1999,2,429,192,0,0,0,0,0,0,2,2006,7.7367436824535,12.3458345879053,6.88243747099785,6.91274282049318,7.15929190479756
"257",257,60,64,8791,6,5,2003,2003,0,503,0,361,864,864,864,0,0,0,2,1,3,1,7,0,2003,2,673,216,56,0,0,0,0,0,5,2008,7.454719949364,12.2428866186529,6.76157276880406,6.76157276880406,6.76157276880406
"259",259,60,80,12435,7,5,2001,2001,172,361,0,602,963,963,829,0,0,0,2,1,3,1,7,1,2001,2,564,0,96,0,245,0,0,0,5,2008,7.49108759353488,12.3523351525084,6.87005341179813,6.87005341179813,6.7202201551353
"262",262,60,69,9588,8,5,2007,2007,270,0,0,1482,1482,1482,1092,0,0,0,2,1,3,1,10,1,2007,3,868,0,148,0,0,0,0,0,11,2007,7.85321638815607,12.5281561446993,7.30114780585603,7.30114780585603,6.99576615630485
"267",267,60,70,11207,6,5,1997,1997,0,714,0,88,802,802,709,0,1,0,2,1,3,1,8,1,1997,2,413,95,75,0,0,0,0,0,6,2006,7.32052696227274,12.1281111040605,6.68710860786651,6.68710860786651,6.56385552653213
"268",268,75,60,8400,5,8,1939,1997,0,378,0,342,720,1052,720,420,0,0,2,1,4,1,8,1,1939,1,240,262,24,0,0,0,0,0,7,2008,7.69256964806791,12.0979304869105,6.5792512120101,6.95844839329766,6.5792512120101
"271",271,60,84,10728,8,5,2006,2006,0,0,0,1095,1095,1095,844,0,0,0,2,1,3,1,8,1,2006,3,1053,192,51,0,0,0,0,0,8,2006,7.56992765524265,12.4912515877638,6.9985096422506,6.9985096422506,6.73815249459596
"273",273,60,92,11764,8,7,1999,2007,348,524,0,628,1152,1164,1106,0,0,0,2,1,4,1,9,1,1999,3,671,132,57,0,0,0,0,0,4,2010,7.72753511047545,12.5776362019627,7.04925484125584,7.05961762829138,7.00850518208228
"276",276,50,55,7264,7,7,1925,2007,0,0,0,952,952,952,596,0,0,0,2,1,3,1,5,0,1978,2,672,74,0,0,0,144,0,0,10,2009,7.34471905414967,12.2307652581205,6.85856503479136,6.85856503479136,6.39024066706535
"280",280,60,83,10005,7,5,1977,1977,299,392,0,768,1160,1156,866,0,0,0,2,1,4,1,8,1,1977,2,505,288,117,0,0,0,0,0,3,2008,7.61184239958042,12.1652506510099,7.05617528410041,7.05272104923232,6.76388490856244
"281",281,60,82,11287,7,6,1989,1989,340,421,0,386,807,1175,807,0,0,0,2,1,3,1,7,1,1989,2,575,0,84,0,196,0,0,0,1,2007,7.59186171488993,12.3392914893164,6.69332366826995,7.06902342657826,6.69332366826995
"286",286,160,35,4251,7,5,2006,2007,0,0,0,625,625,625,625,0,0,0,2,1,2,1,5,0,2006,2,528,0,54,0,0,0,0,0,6,2007,7.13089883029635,12.0118809161657,6.4377516497364,6.4377516497364,6.4377516497364
"287",287,50,77,9786,6,7,1962,1981,0,600,0,312,912,1085,649,0,0,0,1,1,3,1,7,1,1962,2,440,0,0,0,0,128,0,0,6,2006,7.45818615734049,11.9766594812024,6.81563999007433,6.98933526597456,6.47543271670409
"290",290,70,60,8730,6,7,1915,2003,0,0,0,698,698,698,698,0,0,0,1,0,3,1,7,0,2003,1,384,0,0,0,0,259,0,0,7,2007,7.24136628332232,11.9419443260321,6.54821910276237,6.54821910276237,6.54821910276237
"291",291,60,120,15611,8,5,2006,2006,0,0,0,1079,1079,1079,840,0,0,0,2,1,3,1,8,1,2006,2,685,0,51,0,0,0,0,0,7,2006,7.5595594960077,12.3597803701244,6.98378996525813,6.98378996525813,6.73340189183736
"293",293,50,60,11409,5,4,1949,2008,0,292,0,476,768,1148,568,0,0,0,1,1,3,1,8,1,1949,1,281,0,0,0,0,160,0,0,1,2009,7.44775128004791,11.7829526021833,6.64378973314767,7.04577657687951,6.34212141872115
"297",297,50,75,13710,5,5,1950,1950,0,420,0,490,910,910,648,0,0,0,1,1,4,1,6,0,1950,1,282,289,0,0,0,0,0,0,6,2007,7.35115822643069,11.9316357998284,6.8134445995109,6.8134445995109,6.47389069635227
"298",298,60,66,7399,7,5,1997,1998,1600,649,0,326,975,975,975,0,0,0,2,1,3,1,7,1,1997,2,576,0,10,0,0,198,0,0,6,2007,7.57558465155779,12.3842188309136,6.88243747099785,6.88243747099785,6.88243747099785
"299",299,60,90,11700,6,6,1968,1968,365,384,175,143,702,1041,702,0,0,1,1,2,3,1,7,1,1968,2,539,224,0,0,0,0,0,0,6,2007,7.46336304552002,12.0725412529057,6.55393340402581,6.94793706861497,6.55393340402581
"302",302,60,66,16226,8,5,1998,1999,0,281,0,747,1028,1210,1242,0,0,0,2,1,4,1,9,1,1998,2,683,208,50,0,0,0,0,0,5,2007,7.8046592970561,12.4950039373824,6.93537044601511,7.09837563859079,7.12447826249342
"305",305,75,87,18386,7,9,1880,2002,0,0,0,1470,1470,1675,1818,0,0,0,3,0,3,1,10,1,2003,3,870,302,0,0,0,0,0,0,5,2008,8.15851624480683,12.594730635322,7.29301767977278,7.42356844425917,7.50549227473742
"307",307,60,116,13474,7,5,1990,1991,246,700,0,0,700,1122,1121,0,1,0,2,1,4,1,8,1,1990,3,746,127,44,224,0,0,0,0,6,2007,7.71556953452021,12.3238556811866,6.5510803350434,7.02286808608264,7.02197642307216
"313",313,190,65,7800,5,7,1939,1950,0,507,0,286,793,793,325,0,1,0,1,0,3,1,5,1,1939,2,410,0,0,0,0,271,0,0,5,2006,7.01929665371504,11.6944133410156,6.67582322163485,6.67582322163485,5.78382518232974
"315",315,70,60,9600,7,7,1925,1990,0,16,0,712,728,832,809,0,0,1,1,1,3,1,6,1,1925,2,546,0,0,234,0,0,0,0,8,2006,7.40306109109009,12.0895388292742,6.59030104819669,6.72383244082121,6.69579891705849
"316",316,60,71,7795,7,5,2004,2005,0,425,0,291,716,716,716,0,1,0,2,1,3,1,6,1,2004,2,432,100,51,0,0,0,0,0,7,2009,7.26682734752059,12.1468532858702,6.57368016696065,6.57368016696065,6.57368016696065
"317",317,60,94,13005,7,7,1980,1980,278,692,0,153,845,1153,1200,0,1,0,2,1,4,1,10,1,1983,2,484,288,195,0,0,0,0,0,8,2009,7.76344638872736,12.4684369099977,6.73933662735717,7.05012252026906,7.09007683577609
"318",318,60,75,9000,8,5,2006,2006,0,0,0,1088,1088,1088,871,0,0,0,2,1,3,1,8,1,2006,3,1025,208,46,0,0,0,0,0,12,2007,7.58018941794454,12.5061772379805,6.99209642741589,6.99209642741589,6.7696419768525
"319",319,60,90,9900,7,5,1993,1993,256,987,0,360,1347,1372,1274,0,1,0,2,1,4,1,9,1,1993,3,656,340,60,144,0,0,0,0,4,2009,7.8808043446749,12.4684369099977,7.20563517641036,7.22402480828583,7.14991683613211
"321",321,60,111,16259,9,5,2006,2006,370,0,0,1249,1249,1249,1347,0,0,0,3,1,4,1,9,0,2006,3,840,240,154,0,0,0,0,0,9,2006,7.86172707782398,12.7444443677961,7.13009851012558,7.13009851012558,7.20563517641036
"322",322,60,99,12099,8,5,2004,2004,388,970,0,166,1136,1136,1332,0,1,0,2,1,4,1,10,1,2004,3,872,184,154,0,0,0,0,0,6,2007,7.81116338502528,12.7770521921159,7.0352685992811,7.0352685992811,7.19443685110033
"323",323,60,86,10380,7,5,1986,1987,172,28,1474,0,1502,1553,1177,0,1,0,2,1,4,1,8,1,1987,2,576,201,96,0,0,0,0,0,8,2007,7.91205688817901,12.614865543731,7.31455283232408,7.34794382314869,7.07072410726028
"325",325,80,96,11275,7,7,1967,2007,300,0,0,710,710,1898,1080,0,0,0,2,1,5,1,11,1,1961,2,564,240,0,0,0,0,0,0,6,2010,7.99900721324395,12.3966930051388,6.56526497003536,7.54855597916987,6.98471632011827
"330",330,70,60,6402,5,5,1920,1950,0,0,0,596,596,596,596,0,0,0,1,0,3,1,6,0,1920,1,189,0,0,137,0,0,0,0,7,2009,7.0833878476253,11.2644641056717,6.39024066706535,6.39024066706535,6.39024066706535
"335",335,60,59,9042,6,5,1998,1998,0,828,0,115,943,943,695,0,1,0,2,1,3,1,7,2,1998,2,472,100,38,0,0,0,0,0,7,2008,7.40123126441302,12.1652506510099,6.84906628263346,6.84906628263346,6.54391184556479
"341",341,60,85,14191,8,5,2002,2002,0,0,0,967,967,993,915,0,0,0,2,1,4,1,9,0,2002,2,431,135,0,0,0,0,0,0,4,2010,7.55381085200823,12.2204685258139,6.87419849545329,6.90073066404517,6.81892406527552
"345",345,160,36,2592,5,3,1976,1976,0,129,232,175,536,536,576,0,0,0,1,1,3,1,4,0,1976,1,336,182,0,0,0,0,0,0,4,2010,7.01391547481053,11.3504065354725,6.2841341610708,6.2841341610708,6.35610766069589
"346",346,50,65,6435,6,5,1939,1950,0,0,0,972,972,972,605,0,0,0,1,0,3,1,6,1,1939,1,312,0,0,0,0,0,0,0,10,2006,7.36327958696304,11.8508252535826,6.87935580446044,6.87935580446044,6.40522845803084
"349",349,160,36,2448,7,5,2003,2004,106,573,0,191,764,764,862,0,1,0,2,1,2,1,6,0,2003,2,474,0,27,0,0,0,0,0,10,2008,7.39387829010776,11.9447078813958,6.63856778916652,6.63856778916652,6.75925527066369
"350",350,60,56,20431,9,5,2005,2006,870,1410,0,438,1848,1848,880,0,1,0,2,1,4,1,10,2,2006,3,706,0,0,0,0,0,0,0,4,2006,7.91132401896335,12.9880408147445,7.52185925220163,7.52185925220163,6.77992190747225
"353",353,50,60,9084,5,6,1941,1950,0,236,380,0,616,616,495,0,0,1,1,0,3,1,5,0,1941,1,200,48,0,0,0,0,0,0,3,2008,7.01301578963963,11.4616321705827,6.42324696353352,6.42324696353352,6.20455776256869
"355",355,50,60,8400,6,5,1940,2000,0,388,0,552,940,1192,403,0,0,0,1,0,2,1,6,2,1940,1,240,0,0,108,0,0,0,0,6,2006,7.37462901521894,11.8493977015914,6.84587987526405,7.0833878476253,5.99893656194668
"360",360,60,78,12011,8,5,1998,1998,530,956,0,130,1086,1086,838,0,1,0,2,1,3,1,7,1,1998,2,592,208,75,0,0,374,0,0,6,2006,7.56216163122565,12.5425448821514,6.99025650049388,6.99025650049388,6.73101810048208
"364",364,160,21,1680,6,8,1972,2007,510,162,0,321,483,483,504,0,0,0,1,1,2,1,5,0,1972,1,264,250,0,0,0,0,0,0,5,2009,6.89467003943348,11.6784399034478,6.18001665365257,6.18001665365257,6.22257626807137
"366",366,70,59,10690,5,7,1920,1997,0,456,0,216,672,672,672,0,0,0,1,0,3,1,6,0,1964,1,468,0,128,218,0,0,0,0,7,2009,7.20340552108309,11.8981878657609,6.51025834052315,6.51025834052315,6.51025834052315
"375",375,60,65,8200,7,5,2003,2004,0,0,0,847,847,847,1081,0,0,0,2,1,4,1,8,1,2003,2,434,100,48,0,0,0,0,0,7,2007,7.56423847517049,12.2991075114974,6.74170069465205,6.74170069465205,6.98564181763921
"378",378,60,102,11143,8,5,2004,2005,0,0,0,1580,1580,1580,886,0,0,0,3,0,4,1,8,1,2004,2,610,159,214,0,0,0,0,0,12,2007,7.81035268372429,12.7367008965923,7.36518012602101,7.36518012602101,6.78671695060508
"380",380,60,60,8123,6,5,2000,2000,16,0,0,982,982,1007,793,0,0,0,2,1,3,1,7,1,2000,2,463,100,63,0,0,0,0,0,6,2009,7.49554194388426,12.0951410848229,6.88959130835447,6.91473089271856,6.67582322163485
"381",381,50,50,5000,5,6,1924,1950,0,218,0,808,1026,1026,665,0,0,0,2,0,3,1,6,1,1924,1,308,0,0,242,0,0,0,0,5,2010,7.43307534889858,11.7519423654407,6.93342302573071,6.93342302573071,6.49978704065585
"383",383,60,79,9245,7,5,2006,2006,0,0,0,939,939,939,858,0,0,0,2,1,3,1,8,0,2006,2,639,144,53,0,0,0,0,0,4,2007,7.49387388678356,12.2713921116508,6.84481547920826,6.84481547920826,6.75460409948796
"390",390,60,96,12474,10,5,2007,2008,272,1280,0,402,1682,1742,590,0,1,0,2,1,3,1,9,1,2008,3,846,196,134,0,0,0,0,0,8,2008,7.75448154747038,12.9621946252515,7.42773884053289,7.46278915741245,6.38012253689976
"391",391,50,50,8405,5,8,1900,1950,0,241,391,229,861,961,406,0,1,0,1,0,4,1,7,0,1978,1,384,0,130,112,0,0,0,0,4,2008,7.22037383672395,11.6868787720937,6.75809450442773,6.86797440897029,6.00635315960173
"392",392,60,71,12209,6,5,2001,2002,0,690,0,114,804,804,1157,0,1,0,2,1,3,1,7,1,2001,2,560,125,192,0,0,0,0,0,6,2009,7.58120982619635,12.2783933071098,6.68959926917897,6.68959926917897,7.05358572719368
"395",395,50,60,10134,5,6,1940,1950,0,0,0,735,735,735,299,0,0,0,1,0,2,1,5,0,1940,1,240,0,39,0,0,0,0,0,7,2007,6.94119005506837,11.5991031612113,6.59987049921284,6.59987049921284,5.70044357339069
"398",398,60,69,7590,5,5,1962,1962,288,540,0,324,864,876,936,0,0,0,2,0,4,1,8,1,1962,1,264,0,168,0,0,0,0,0,7,2007,7.50218648660292,12.0406082058026,6.76157276880406,6.77536609093639,6.84161547647759
"400",400,60,65,8125,7,5,2006,2007,100,812,0,280,1092,1112,438,0,1,0,2,0,2,1,7,0,2007,2,438,0,168,0,0,0,0,0,10,2009,7.34601020991329,12.3925522124728,6.99576615630485,7.01391547481053,6.08221891037645
"404",404,60,93,12090,8,5,1998,1998,650,0,0,1141,1141,1165,1098,0,0,0,2,1,4,1,10,1,1998,2,420,144,123,0,0,0,0,0,7,2006,7.72444664563354,12.4607148639038,7.03966034986208,7.0604763659998,7.00124562206948
"408",408,70,63,15576,6,7,1915,1976,0,0,0,840,840,840,840,0,0,0,2,0,4,1,8,0,1960,1,308,0,0,160,0,0,0,0,3,2008,7.4265490723973,12.083905011556,6.73340189183736,6.73340189183736,6.73340189183736
"409",409,60,109,14154,7,5,2006,2006,350,0,0,1063,1063,1071,1101,0,0,0,2,1,3,1,9,1,2006,3,947,192,62,0,0,0,0,0,8,2007,7.68340368105383,12.5425448821514,6.96885037834195,6.97634807044775,7.00397413672268
"410",410,60,85,10800,8,5,2007,2008,100,789,0,245,1034,1050,1028,0,1,0,2,1,3,1,8,1,2008,3,836,0,102,0,0,0,0,0,4,2008,7.63916117165917,12.7359653320134,6.94119005506837,6.95654544315157,6.93537044601511
"415",415,60,59,11228,7,5,1993,1993,0,50,531,499,1080,1080,1017,0,0,1,2,1,3,1,9,1,1993,3,678,196,187,0,0,0,0,0,12,2008,7.64826303090192,12.3371009079366,6.98471632011827,6.98471632011827,6.92461239604856
"417",417,60,74,7844,6,7,1978,1978,203,209,0,463,672,672,728,0,0,0,1,1,3,1,6,1,1978,2,440,0,0,0,0,0,0,0,3,2006,7.24422751560335,11.9150516718129,6.51025834052315,6.51025834052315,6.59030104819669
"418",418,70,86,22420,6,6,1918,1950,0,1128,0,242,1370,1370,1254,0,1,0,2,1,4,1,10,1,1918,3,864,0,0,0,0,0,0,0,11,2007,7.87245515006398,12.3842188309136,7.22256601882217,7.22256601882217,7.13409372119287
"419",419,50,60,8160,5,6,1940,1950,0,312,0,444,756,756,378,0,1,0,1,1,3,1,7,0,1940,1,240,0,0,0,0,0,0,0,4,2007,7.0335064842877,11.7440371859336,6.62804137617953,6.62804137617953,5.93489419561959
"424",424,60,80,9200,8,5,1998,1998,473,986,0,484,1470,1470,1160,0,1,0,2,1,4,1,8,1,1998,3,696,0,66,0,0,0,0,0,6,2008,7.87473912517181,12.6603279178078,7.29301767977278,7.29301767977278,7.05617528410041
"426",426,60,60,3378,7,8,1946,1992,0,0,0,651,651,707,682,0,0,0,1,1,3,1,6,2,1947,1,240,0,0,126,0,0,0,0,9,2009,7.23633934275434,11.8130300574206,6.47850964220857,6.56103066589657,6.52502965784346
"431",431,160,21,1680,6,5,1971,1971,232,387,0,96,483,483,504,0,0,0,1,1,2,1,4,0,1971,1,264,0,0,0,0,0,0,0,7,2008,6.89467003943348,11.3551013797767,6.18001665365257,6.18001665365257,6.22257626807137
"433",433,160,24,1920,5,5,1971,1971,376,471,0,294,765,765,600,0,1,0,1,1,2,1,6,0,1971,2,440,240,36,0,0,0,0,0,8,2007,7.21890970761906,11.7158663089669,6.63987583382654,6.63987583382654,6.39692965521615
"434",434,60,100,10839,6,5,1997,1998,0,0,0,926,926,926,678,0,0,0,2,1,3,1,7,1,1997,2,470,0,36,0,0,0,0,0,7,2008,7.38025578842646,12.106252310248,6.83087423464618,6.83087423464618,6.5191472879404
"436",436,60,43,10667,7,6,1996,1996,0,385,344,70,799,827,834,0,1,0,2,1,3,1,6,1,1996,2,550,158,61,0,0,0,0,0,4,2009,7.41517510961329,12.2643415536542,6.68336094576627,6.71780469502369,6.72623340235875
"437",437,50,40,4400,6,8,1920,1950,0,0,0,648,648,734,384,0,0,0,1,0,2,1,6,0,1990,2,440,0,0,0,0,0,0,0,10,2006,7.01929665371504,11.6613454700885,6.47389069635227,6.59850902861452,5.95064255258773
"440",440,50,67,12354,6,8,1920,2000,0,0,0,684,684,684,512,0,0,0,1,0,3,1,7,0,2005,2,528,0,46,0,0,0,0,800,8,2009,7.08673793451058,11.6082356447746,6.52795791762255,6.52795791762255,6.23832462503951
"443",443,50,52,6240,5,7,1930,1992,0,0,0,1078,1078,1128,445,0,0,0,2,0,3,1,8,1,1930,2,360,0,0,0,0,0,0,0,6,2008,7.36073990305828,12.0008917945901,6.98286275146894,7.028201432058,6.09807428216624
"445",445,60,70,8750,7,5,1994,1995,0,642,0,273,915,933,975,0,1,0,2,1,4,1,8,1,1994,2,493,144,133,0,0,0,0,0,7,2008,7.55381085200823,12.2548628096996,6.81892406527552,6.83840520084734,6.88243747099785
"449",449,50,50,8600,6,6,1937,1950,0,0,0,780,780,780,596,0,0,0,2,0,3,1,7,1,1937,1,198,0,0,0,0,0,0,0,6,2006,7.22693601849329,11.6910716503537,6.65929391968364,6.65929391968364,6.39024066706535
"450",450,50,50,6000,3,7,1948,2002,0,331,0,318,649,679,504,0,0,0,1,1,2,1,6,0,1981,1,308,0,176,0,0,0,0,0,6,2007,7.07580886397839,11.6952470217642,6.47543271670409,6.5206211275587,6.22257626807137
"454",454,60,75,9000,8,5,2008,2008,0,0,0,768,768,786,804,0,0,0,2,1,3,1,6,0,2008,2,676,0,30,0,0,0,0,0,6,2009,7.37148929521428,12.2548628096996,6.64378973314767,6.66695679242921,6.68959926917897
"457",457,70,34,4571,5,5,1916,1950,0,0,0,624,624,624,720,0,0,0,1,0,4,1,7,0,1916,3,513,0,0,96,0,0,0,0,5,2008,7.20340552108309,11.4927227576527,6.43615036836943,6.43615036836943,6.5792512120101
"461",461,60,75,8004,8,5,2009,2009,110,544,0,288,832,832,1103,0,1,0,2,1,3,1,8,0,2009,2,552,0,150,0,0,0,0,0,12,2009,7.56786260546388,12.4815619372163,6.72383244082121,6.72383244082121,7.0057890192535
"462",462,70,60,7200,7,9,1936,2007,0,350,210,0,560,575,560,0,1,0,1,0,3,1,6,0,1971,2,576,256,0,0,0,0,0,0,4,2009,7.0343879299155,11.9511803959014,6.32793678372919,6.35437004079735,6.32793678372919
"464",464,70,74,11988,6,7,1934,1995,0,326,0,389,715,849,811,0,0,0,1,1,3,1,6,1,1939,1,240,0,0,0,0,0,0,0,8,2008,7.41457288135059,12.1479137313566,6.57228254269401,6.74405918631135,6.69826805411541
"468",468,70,79,9480,5,7,1942,1995,224,386,0,342,728,888,756,0,0,0,1,1,3,1,7,2,1942,1,312,168,0,0,0,0,0,0,6,2007,7.40488757561612,11.8947807074393,6.59030104819669,6.78897174299217,6.62804137617953
"470",470,60,76,9291,6,5,1993,1993,120,426,0,406,832,832,878,0,0,0,2,1,3,1,7,0,1993,2,506,144,70,0,0,0,0,0,6,2008,7.44424864949671,12.1388638958367,6.72383244082121,6.72383244082121,6.77764659363512
"472",472,60,92,11952,7,6,1977,1977,0,0,0,808,808,1161,808,0,0,0,2,1,3,1,8,1,1977,2,534,0,0,0,0,276,0,0,11,2007,7.58528107863913,12.1547793511426,6.69456205852109,7.05703698169789,6.69456205852109
"478",478,60,105,13693,9,5,2006,2006,772,0,0,2153,2153,2069,574,0,0,0,2,1,3,1,9,1,2006,3,694,414,84,0,0,0,0,0,3,2007,7.87966991460429,12.8479265317026,7.67461749736436,7.63482067774554,6.35262939631957
"483",483,70,50,2500,7,8,1915,2005,0,299,0,611,910,916,910,0,1,0,1,1,4,1,7,1,1915,1,164,0,0,0,0,0,0,0,6,2009,7.50988306115491,11.9511803959014,6.8134445995109,6.82001636467413,6.8134445995109
"489",489,190,60,10800,5,4,1900,1970,0,664,0,290,954,1766,648,0,0,0,2,0,3,2,10,1,1970,2,520,142,0,0,0,0,0,0,5,2006,7.78904040165748,11.982929094216,6.86066367144829,7.47647238116391,6.47389069635227
"492",492,50,79,9490,6,7,1941,1950,0,403,165,238,806,958,620,0,1,0,1,0,3,1,5,2,1941,1,240,0,0,32,0,0,0,0,8,2006,7.36391350140582,11.7981044072039,6.69208374250663,6.86484777797086,6.42971947803914
"493",493,60,105,15578,6,5,2006,2006,0,0,0,728,728,728,728,0,0,0,2,1,3,1,8,0,2006,2,429,0,0,0,0,0,0,0,5,2006,7.28344822875663,12.0598033260287,6.59030104819669,6.59030104819669,6.59030104819669
"498",498,50,60,9120,7,6,1925,1950,0,329,0,697,1026,1133,687,0,1,0,2,0,4,1,8,0,1925,1,240,0,100,0,0,0,0,0,6,2008,7.50659178007084,12.1226910365911,6.93342302573071,7.03262426102801,6.53233429222235
"501",501,160,21,1890,6,5,1973,1973,285,356,0,316,672,672,546,0,0,0,1,1,3,1,7,0,1973,1,264,144,28,0,0,0,0,0,5,2007,7.10496544826984,11.6351430976945,6.51025834052315,6.51025834052315,6.30261897574491
"502",502,60,75,9803,7,5,2005,2005,0,400,0,466,866,866,902,0,0,0,2,1,3,1,7,0,2005,2,603,0,108,0,0,0,0,0,2,2008,7.47760424319759,12.3313828364956,6.76388490856244,6.76388490856244,6.80461452006262
"505",505,160,24,2308,6,5,1974,1974,0,257,495,103,855,855,467,0,0,1,2,1,3,1,6,1,1974,2,440,260,0,0,0,0,0,0,6,2009,7.18690102041163,11.8981878657609,6.75110146893676,6.75110146893676,6.1463292576689
"506",506,90,60,7596,5,5,1952,1952,360,0,0,960,960,960,1000,0,0,0,2,0,4,2,10,0,1952,2,400,0,0,0,0,0,0,0,7,2009,7.58069975222456,11.7320609948869,6.86693328446188,6.86693328446188,6.90775527898214
"507",507,60,80,9554,8,5,1993,1994,125,380,0,397,777,1065,846,0,0,0,2,1,3,1,8,1,1993,2,471,182,81,0,0,0,0,0,9,2006,7.55538194424027,12.2783933071098,6.65544035036765,6.97073007814353,6.74051935960622
"509",509,70,60,9600,7,9,1928,2005,0,141,0,548,689,689,689,0,0,0,2,0,3,1,7,1,1928,2,360,0,0,116,0,0,0,0,10,2008,7.2283884515736,11.9891596439666,6.53524127101366,6.53524127101366,6.53524127101366
"518",518,60,79,10208,7,5,1996,1997,921,0,0,1264,1264,1277,1067,0,0,0,2,1,3,1,7,1,1996,3,889,220,0,0,0,0,0,0,7,2009,7.7596141506969,12.4874851049684,7.1420365747068,7.15226885603254,6.97260625130175
"520",520,70,53,10918,7,9,1926,2004,0,0,0,1276,1276,1276,804,0,0,0,1,1,3,1,9,2,1926,1,282,0,0,0,0,145,0,0,6,2009,7.64012317269536,12.3630763943398,7.15148546390474,7.15148546390474,6.68959926917897
"523",523,50,50,5000,6,7,1947,1950,0,399,0,605,1004,1004,660,0,0,0,2,0,3,1,7,2,1950,2,420,0,24,36,0,0,0,0,10,2006,7.41697962138115,11.9766594812024,6.91174730025167,6.91174730025167,6.49223983502047
"524",524,60,130,40094,10,5,2007,2008,762,2260,0,878,3138,3138,1538,0,1,0,3,1,3,1,11,1,2007,3,884,208,406,0,0,0,0,0,10,2007,8.45019832259196,12.1267588388104,8.05134093329298,8.05134093329298,7.33823815006559
"525",525,60,95,11787,7,5,1996,1997,594,719,0,660,1379,1383,1015,0,1,0,2,1,3,1,8,1,1996,3,834,239,60,0,0,0,0,0,8,2007,7.78239033558746,12.6627060402127,7.2291138777933,7.23201033166476,6.92264389147589
"528",528,60,67,14948,9,5,2008,2008,268,1330,0,122,1452,1476,1237,0,1,0,2,1,3,1,11,1,2008,3,858,126,66,0,0,0,0,0,11,2008,7.90581031265893,13.0086592616321,7.28069719538474,7.29709100516042,7.12044437239249
"532",532,70,60,6155,6,8,1920,1999,0,0,0,611,611,751,611,0,0,0,2,0,3,1,6,0,1920,2,502,0,0,84,0,0,0,0,6,2008,7.21670948670946,11.7597855429018,6.4150969591716,6.62140565176413,6.4150969591716
"535",535,60,74,9056,8,5,2004,2004,0,0,0,707,707,707,707,0,0,0,2,1,3,1,6,1,2004,2,403,100,35,0,0,0,0,0,10,2006,7.25417784645652,12.0895388292742,6.56103066589657,6.56103066589657,6.56103066589657
"537",537,60,57,8924,7,5,1998,1999,0,0,0,880,880,880,844,0,0,0,2,1,3,1,8,0,1998,2,527,120,155,0,0,0,0,0,7,2008,7.45240245122364,12.1441972418121,6.77992190747225,6.77992190747225,6.73815249459596
"545",545,60,58,17104,7,5,2006,2006,0,554,0,100,654,664,832,0,1,0,2,1,3,1,7,1,2006,2,426,100,24,0,0,0,0,0,9,2006,7.31055015853442,12.0988492847421,6.4831073514572,6.49828214947643,6.72383244082121
"547",547,50,70,8737,6,7,1923,1950,0,300,0,765,1065,915,720,0,0,0,1,1,3,1,6,1,1950,2,440,0,38,0,144,0,0,0,5,2007,7.39939808333135,12.2548628096996,6.97073007814353,6.81892406527552,6.5792512120101
"550",550,60,75,9375,7,5,2003,2004,0,0,0,912,912,912,1182,0,0,0,2,1,4,1,8,1,2003,2,615,182,182,0,0,0,0,0,11,2009,7.64683139143048,12.4799093111599,6.81563999007433,6.81563999007433,7.07496319796604
"555",555,60,85,10625,7,5,2003,2004,292,866,0,132,998,1006,1040,0,1,0,2,1,3,1,8,1,2003,3,871,320,62,0,0,0,0,0,8,2008,7.62364194651157,12.5567295171433,6.90575327631146,6.91373735065968,6.94697599213542
"558",558,50,60,11040,4,6,1920,1950,0,637,0,0,637,897,439,0,0,0,1,1,3,1,7,0,1994,1,570,0,47,120,0,0,0,0,9,2006,7.19743535409659,11.5898865061064,6.45676965557216,6.7990558620588,6.08449941307517
"559",559,60,57,21872,7,5,1996,1997,0,604,0,125,729,729,717,0,0,1,2,1,3,1,6,1,1996,2,406,264,22,0,0,0,0,0,8,2008,7.27655640271871,12.0725412529057,6.59167373200866,6.59167373200866,6.57507584059962
"564",564,50,66,21780,6,7,1918,1950,0,0,0,1163,1163,1163,511,0,0,0,2,0,4,1,8,1,1955,2,396,72,36,0,0,144,0,0,7,2008,7.42297125104942,12.1281111040605,7.05875815251866,7.05875815251866,6.2363695902037
"566",566,70,66,6858,6,4,1915,1950,0,0,0,806,806,841,806,0,1,0,1,1,4,1,6,0,1920,1,216,0,66,136,0,0,0,0,5,2010,7.40671073017764,11.7597855429018,6.69208374250663,6.73459165997295,6.69208374250663
"567",567,60,77,11198,9,5,2005,2007,245,0,0,1122,1122,1134,1370,0,0,0,2,1,4,1,11,1,2005,3,656,144,39,0,0,0,0,0,6,2008,7.82564473221999,12.6915804613119,7.02286808608264,7.0335064842877,7.22256601882217
"569",569,50,79,12327,8,8,1983,2009,0,1441,0,55,1496,1496,636,0,1,0,1,1,1,1,5,1,1983,2,612,349,40,0,0,0,0,0,9,2009,7.66481578528574,12.665394426429,7.31055015853442,7.31055015853442,6.45519856334012
"573",573,60,83,13159,7,5,2009,2009,0,0,0,846,846,846,846,0,0,0,2,1,3,1,6,0,2009,2,650,208,114,0,0,0,0,0,7,2009,7.43366654016617,12.3216309861644,6.74051935960622,6.74051935960622,6.74051935960622
"574",574,80,76,9967,7,5,2000,2000,0,0,0,384,384,774,656,0,0,0,2,1,3,1,8,1,2000,2,400,100,0,0,0,0,0,0,12,2007,7.26542972325395,12.0435537160324,5.95064255258773,6.65157187358973,6.48616078894409
"575",575,80,70,10500,5,7,1971,2005,82,349,0,23,372,576,533,0,0,1,1,0,3,1,5,0,1971,1,288,35,0,0,0,0,0,0,12,2007,7.01121398735037,11.8422292121128,5.91889385427315,6.35610766069589,6.27852142416584
"576",576,50,80,8480,5,5,1947,1950,0,442,0,390,832,832,384,0,0,0,1,0,2,1,6,0,1947,1,336,158,0,102,0,0,0,0,10,2008,7.10332206252611,11.6826682395573,6.72383244082121,6.72383244082121,5.95064255258773
"577",577,50,52,6292,7,7,1928,1950,0,0,0,861,861,877,600,0,0,1,2,0,3,1,6,1,1928,1,216,0,50,0,0,0,0,0,8,2009,7.29776828253138,11.8844890214027,6.75809450442773,6.77650699237218,6.39692965521615
"579",579,160,34,3604,7,5,2007,2007,0,0,0,689,689,703,689,0,0,0,2,0,2,1,5,0,2007,2,540,0,102,0,0,0,0,0,2,2008,7.23849684089437,11.8913619006905,6.53524127101366,6.55535689181067,6.53524127101366
"580",580,50,81,12150,5,5,1954,1954,335,0,0,1050,1050,1050,745,0,0,0,2,0,4,1,7,0,1954,1,352,0,0,0,0,0,0,0,11,2008,7.49276030092238,11.7867621306,6.95654544315157,6.95654544315157,6.61338421837956
"584",584,75,75,13500,10,9,1893,2000,0,0,0,1237,1237,1521,1254,0,0,0,3,1,3,1,9,1,1988,2,880,105,502,0,0,0,0,0,7,2008,7.92840602618053,12.6915804613119,7.12044437239249,7.32712329225929,7.13409372119287
"585",585,50,51,6120,4,7,1935,1995,0,0,0,884,884,989,584,0,0,0,1,0,3,1,6,0,1935,1,240,0,0,54,0,120,0,0,7,2009,7.36073990305828,11.7981044072039,6.78445706263764,6.89669433162271,6.36990098282823
"591",591,60,64,8320,7,5,2004,2004,0,490,0,280,770,770,812,0,0,0,2,1,3,1,6,0,2004,2,520,0,45,0,0,0,0,0,9,2008,7.3664451483276,12.1329641737095,6.64639051484773,6.64639051484773,6.69950034016168
"592",592,60,97,13478,10,5,2008,2008,420,1338,0,384,1722,1728,568,0,1,0,2,1,3,1,10,1,2008,3,842,382,274,0,0,0,0,0,6,2009,7.73892375743946,13.0213268332266,7.45124168498768,7.454719949364,6.34212141872115
"597",597,70,60,3600,6,7,1910,1993,0,0,0,684,684,684,684,0,0,0,1,0,3,1,7,0,1930,1,216,0,158,0,0,0,0,0,10,2006,7.2211050981825,11.6483650358641,6.52795791762255,6.52795791762255,6.52795791762255
"600",600,160,24,1950,6,6,1980,1980,0,81,612,23,716,716,840,0,1,0,2,1,3,1,6,1,1980,2,452,161,0,0,0,0,0,0,7,2008,7.34987370473834,11.9250351157971,6.57368016696065,6.57368016696065,6.73340189183736
"601",601,60,74,10927,8,5,2005,2005,280,546,0,512,1058,1058,846,0,1,0,2,1,3,1,8,1,2003,2,736,179,60,0,0,0,0,0,6,2006,7.55171221535131,12.5245263766487,6.96413561241824,6.96413561241824,6.74051935960622
"602",602,50,50,9000,6,6,1937,1950,0,0,0,780,780,780,595,0,0,0,1,1,3,1,6,1,1979,1,544,0,162,0,0,126,0,0,12,2007,7.22620901010067,11.8565151693603,6.65929391968364,6.65929391968364,6.38856140554563
"603",603,60,80,10041,8,5,1992,1992,0,789,0,119,908,927,988,0,1,0,2,1,3,1,8,1,1992,2,506,120,150,0,0,0,0,0,2,2006,7.55747290161475,12.3013828253345,6.81124437860129,6.83195356556585,6.89568269774787
"604",604,160,30,3182,7,5,2004,2005,0,0,0,600,600,600,600,0,0,0,2,1,2,1,4,0,2004,2,480,0,172,0,0,0,0,0,6,2010,7.09007683577609,11.9250351157971,6.39692965521615,6.39692965521615,6.39692965521615
"606",606,60,85,13600,7,6,1965,1990,176,454,0,314,768,1186,800,0,0,0,2,1,3,1,7,3,1965,2,486,0,42,0,0,189,0,0,10,2009,7.59387784460512,12.2307652581205,6.64378973314767,7.07834157955767,6.68461172766793
"608",608,20,78,7800,5,8,1948,2002,0,603,0,293,896,1112,896,0,1,0,3,0,3,1,8,0,1948,1,230,103,0,0,0,0,0,0,8,2006,7.60489448081162,12.3238556811866,6.79794041297493,7.01391547481053,6.79794041297493
"609",609,70,78,12168,8,6,1934,1998,0,428,0,537,965,1940,1254,0,0,0,2,1,4,1,10,2,1934,2,380,0,0,0,0,0,0,0,9,2007,8.06902932877496,12.7913561802142,6.87212810133899,7.57044325205737,7.13409372119287
"620",620,60,85,12244,8,5,2003,2003,226,871,0,611,1482,1482,780,0,1,0,2,1,4,1,10,2,2003,3,749,168,0,0,0,0,0,0,8,2008,7.72400465667607,12.6280670555895,7.30114780585603,7.30114780585603,6.65929391968364
"622",622,60,90,10800,6,7,1974,1997,0,956,182,384,1522,1548,1066,0,0,0,2,1,4,1,9,1,1974,2,624,38,243,0,0,0,0,0,6,2008,7.86863689418417,12.3883942023241,7.32778053842163,7.34471905414967,6.97166860472579
"625",625,60,80,10400,6,5,1972,1972,288,247,0,485,732,1012,778,0,1,0,1,2,4,1,8,1,1972,2,484,148,0,0,0,147,0,0,11,2006,7.4899708988348,12.0146094308189,6.59578051396131,6.91968384984741,6.65672652417839
"629",629,60,70,11606,5,5,1969,1969,192,650,0,390,1040,1040,1040,0,0,1,1,2,5,1,9,2,1969,2,504,335,0,0,0,0,0,0,9,2007,7.64012317269536,11.8130300574206,6.94697599213542,6.94697599213542,6.94697599213542
"631",631,70,50,9000,5,6,1880,1991,0,0,0,636,636,1089,661,0,0,0,1,0,3,1,8,0,1937,1,240,0,0,293,0,0,0,0,6,2006,7.46737106691756,11.7280368445872,6.45519856334012,6.99301512293296,6.49375383985169
"638",638,190,50,6000,5,4,1954,1954,0,0,0,811,811,811,576,0,0,0,2,0,3,2,7,0,1954,1,256,0,0,0,0,0,0,0,11,2009,7.23489842031483,11.4403547721354,6.69826805411541,6.69826805411541,6.35610766069589
"643",643,80,75,13860,8,7,1972,1995,0,1410,0,542,1952,2000,704,0,1,0,2,1,4,1,9,3,1972,2,538,269,111,0,0,0,0,0,7,2009,7.90248743716286,12.7512996960135,7.57660976697304,7.60090245954208,6.55677835615804
"644",644,60,80,10793,5,5,1969,1969,263,493,287,0,780,780,840,0,0,0,2,1,4,1,7,0,1969,2,462,208,0,0,0,0,0,0,4,2007,7.39018142822643,11.9316357998284,6.65929391968364,6.65929391968364,6.73340189183736
"649",649,60,70,7700,6,5,1966,1966,351,0,0,756,756,1051,788,0,0,0,1,1,4,1,7,1,1966,2,442,0,124,216,0,0,0,0,6,2010,7.51697722460432,11.9511803959014,6.62804137617953,6.95749737087695,6.66949808985788
"652",652,70,60,9084,4,5,1940,1950,0,0,0,755,755,755,755,0,1,0,1,0,4,1,7,1,1940,1,296,120,0,0,0,0,0,0,10,2009,7.31986492980897,11.5898865061064,6.62671774924902,6.62671774924902,6.62671774924902
"653",653,60,70,8750,7,5,1996,1996,0,0,0,880,880,909,807,0,0,0,2,1,2,1,7,1,1996,2,512,0,120,0,0,0,0,0,7,2009,7.44775128004791,12.1600287070288,6.77992190747225,6.81234509417748,6.69332366826995
"654",654,50,60,10320,6,7,1906,1995,0,0,0,756,756,756,713,0,0,0,1,0,3,1,7,0,1906,1,216,57,0,239,0,0,0,0,6,2008,7.29233717617388,11.8130300574206,6.62804137617953,6.62804137617953,6.5694814204143
"656",656,160,21,1680,6,5,1971,1971,381,0,0,525,525,525,567,0,0,0,1,1,3,1,6,0,1971,1,264,0,0,0,0,0,0,0,3,2010,6.99576615630485,11.3850920934603,6.26339826259162,6.26339826259162,6.34035930372775
"658",658,70,60,7200,7,6,1931,2000,0,0,0,776,776,851,651,0,0,0,1,1,3,1,6,1,1931,1,270,0,0,112,0,0,0,0,2,2008,7.31455283232408,11.9117015849276,6.65415252018322,6.74641212857337,6.47850964220857
"659",659,50,78,17503,6,5,1948,1950,0,0,0,912,912,912,546,0,0,1,1,0,3,1,6,1,1948,1,330,192,0,0,0,0,0,0,1,2010,7.2848209125686,11.4876076569859,6.81563999007433,6.81563999007433,6.30261897574491
"662",662,60,52,46589,8,7,1994,2005,528,1361,180,88,1629,1686,762,0,1,0,2,1,4,1,8,1,1994,3,711,517,76,0,0,0,0,0,7,2009,7.80302664363222,12.9042073676012,7.39572160860205,7.4301141385618,6.63594655568665
"666",666,60,106,11194,8,5,2000,2000,40,0,0,1406,1406,1454,482,0,0,0,2,1,3,1,7,1,2000,2,504,188,124,0,0,0,0,0,11,2006,7.56837926783652,12.3480061414188,7.24850407237061,7.28207365809346,6.1779441140506
"671",671,60,64,8633,6,5,2005,2005,0,193,0,545,738,738,738,0,1,0,2,1,3,1,7,0,2005,2,540,100,35,0,0,0,0,0,2,2009,7.29709100516042,12.0639328783691,6.60394382460047,6.60394382460047,6.60394382460047
"672",672,70,54,6629,6,6,1925,1950,0,551,0,121,672,697,672,0,1,0,2,0,3,1,6,0,1930,1,300,147,0,0,0,0,0,0,7,2009,7.22183582528845,11.5482926088075,6.51025834052315,6.54678541076052,6.51025834052315
"676",676,160,24,2289,6,6,1978,1978,0,311,0,544,855,855,586,0,0,0,2,1,3,1,7,1,1978,2,440,28,0,0,0,0,0,0,4,2009,7.27309259599952,11.9083402372249,6.75110146893676,6.75110146893676,6.37331978957701
"677",677,70,60,9600,4,2,1900,1950,0,0,0,1095,1095,1095,679,0,1,0,2,0,4,2,8,0,1920,3,779,0,0,90,0,0,0,0,5,2006,7.48099216286952,11.3736633976367,6.9985096422506,6.9985096422506,6.5206211275587
"682",682,50,55,4500,5,5,1932,2000,0,182,0,611,793,848,672,0,0,0,1,0,3,1,6,0,1968,1,281,0,0,56,0,0,0,0,7,2009,7.32646561384032,11.9793853224676,6.67582322163485,6.7428806357919,6.51025834052315
"685",685,60,58,16770,7,5,1998,1998,30,0,0,1195,1195,1195,644,0,0,0,2,1,4,1,7,0,1998,2,486,0,81,0,0,0,0,0,6,2010,7.51697722460432,12.3059179804999,7.08590146436561,7.08590146436561,6.46769872610435
"687",687,60,84,10207,7,6,2007,2007,0,0,0,874,874,874,887,0,0,0,3,0,3,1,7,0,2007,2,578,144,105,0,0,0,0,0,8,2007,7.47363710849621,12.336552511981,6.77308037565554,6.77308037565554,6.78784498230958
"692",692,60,104,21535,10,6,1994,1995,1170,1455,0,989,2444,2444,1872,0,0,1,3,1,4,1,10,2,1994,3,832,382,50,0,0,0,0,0,1,2007,8.37008432637803,13.5344730282312,7.80139132029149,7.80139132029149,7.53476265703754
"693",693,60,42,26178,7,5,1989,1990,293,965,0,245,1210,1238,1281,0,1,0,2,1,4,1,9,2,1989,2,628,320,27,0,0,0,0,0,4,2006,7.83161727635261,12.7218858108072,7.09837563859079,7.12125245324454,7.15539630189673
"695",695,50,51,6120,5,6,1936,1950,0,0,0,927,927,1067,472,0,0,0,1,1,3,1,5,0,1995,2,576,112,0,0,0,0,0,0,4,2009,7.33888813383888,11.8600549960654,6.83195356556585,6.97260625130175,6.15697898558556
"703",703,60,82,12438,8,5,2006,2006,466,0,0,1234,1234,1264,1312,0,0,0,2,1,4,1,10,1,2006,3,666,324,100,0,0,0,0,0,7,2006,7.85399308722424,12.7991757088645,7.11801620446533,7.1420365747068,7.17930796950403
"704",704,190,76,7630,5,9,1900,1996,0,0,0,360,360,1032,780,0,0,0,2,0,4,2,8,1,1999,2,672,344,0,40,0,0,0,0,5,2010,7.50218648660292,11.8493977015914,5.88610403145016,6.93925394604151,6.65929391968364
"709",709,60,65,9018,7,5,2007,2007,0,0,0,728,728,728,728,0,0,0,2,1,3,1,8,1,2007,2,400,100,24,0,0,0,0,0,7,2007,7.28344822875663,12.0981533033107,6.59030104819669,6.59030104819669,6.59030104819669
"712",712,50,66,8712,4,7,1900,1950,0,0,0,859,859,859,319,0,0,0,1,0,2,1,7,0,1964,1,384,68,0,98,0,0,0,0,1,2010,7.07157336421153,11.5403071417114,6.75576892198425,6.75576892198425,5.76519110278484
"717",717,70,60,10800,7,8,1890,1998,0,0,0,718,718,1576,978,0,0,0,1,1,3,1,8,0,1996,2,704,0,48,143,0,0,0,0,7,2007,7.84541603659248,11.979799201207,6.57646956904822,7.36264527041782,6.88550967003482
"719",719,60,96,10542,7,5,1993,1994,651,1173,0,138,1311,1325,1093,0,1,0,2,1,3,1,9,1,1993,3,983,250,154,216,0,0,0,0,8,2008,7.79069603117474,12.7396377562657,7.1785454837637,7.18916773842032,6.99668148817654
"724",724,50,60,8172,4,6,1954,1972,0,0,0,941,941,997,473,0,0,0,2,0,4,1,7,0,1958,1,548,0,0,0,0,156,0,0,5,2008,7.29301767977278,11.8130300574206,6.84694313958538,6.90475076996184,6.15909538849193
"733",733,60,75,11404,7,5,1998,1999,202,252,0,901,1153,1153,878,0,0,0,2,1,3,1,8,1,1998,2,541,192,84,0,0,0,0,0,7,2008,7.61628356158038,12.3126823805884,7.05012252026906,7.05012252026906,6.77764659363512
"736",736,75,60,10800,7,7,1914,1970,0,390,0,490,880,880,888,0,0,0,1,1,2,1,6,2,1914,2,320,0,341,0,0,0,0,0,10,2006,7.47760424319759,12.0015054797889,6.77992190747225,6.77992190747225,6.78897174299217
"738",738,60,72,10463,8,5,2005,2005,0,0,0,893,893,901,900,0,0,0,2,1,3,1,8,1,2005,3,800,0,116,0,0,0,0,0,6,2006,7.49609734517596,12.3879774488278,6.7945865808765,6.80350525760834,6.80239476332431
"740",740,60,65,9313,7,5,2004,2004,0,0,0,864,864,864,864,0,0,0,2,1,3,1,7,0,2004,2,572,187,56,0,0,0,0,0,4,2009,7.454719949364,12.1547793511426,6.76157276880406,6.76157276880406,6.76157276880406
"741",741,70,60,9600,5,7,1910,2002,0,0,0,264,264,768,664,0,0,0,2,0,2,1,7,0,1910,2,360,270,0,112,0,0,0,0,5,2007,7.26682734752059,11.7905572015685,5.57594910314632,6.64378973314767,6.49828214947643
"748",748,70,65,11700,7,7,1880,2003,0,0,0,1240,1240,1320,1320,0,0,0,1,1,4,1,8,1,1950,4,864,181,0,386,0,0,0,0,5,2009,7.87853419614036,12.4911726372789,7.12286665859908,7.18538701558042,7.18538701558042
"754",754,60,80,10240,8,5,2005,2005,178,0,0,1030,1030,1038,1060,0,0,0,2,1,3,1,8,1,2005,3,878,192,52,0,0,0,0,0,3,2006,7.64873978895624,12.5263429075751,6.93731408122368,6.94505106372583,6.96602418710611
"756",756,160,34,3230,6,5,1999,1999,894,381,0,348,729,742,729,0,0,0,2,1,3,1,6,0,1999,2,440,0,24,0,0,0,0,0,3,2009,7.29369772060144,12.0581525154536,6.59167373200866,6.60934924316738,6.59167373200866
"757",757,60,68,10769,8,5,2007,2007,0,20,0,846,866,866,902,0,0,0,2,1,3,1,7,0,2007,2,578,144,105,0,0,0,0,0,4,2009,7.47760424319759,12.2643415536542,6.76388490856244,6.76388490856244,6.80461452006262
"759",759,160,24,2280,7,5,1999,1999,360,549,0,195,744,757,744,0,0,0,2,1,3,1,6,0,1999,2,440,0,0,0,0,0,0,0,8,2008,7.31388683163346,12.0973732286068,6.61204103483309,6.62936325343745,6.61204103483309
"760",760,60,65,12257,8,5,1995,1995,513,56,64,1198,1318,1328,1203,0,0,0,2,1,4,1,9,1,1995,3,752,222,98,0,0,0,0,0,11,2007,7.83636976054512,12.5776362019627,7.18387071506245,7.19142933003638,7.09257371597468
"763",763,60,72,8640,7,5,2009,2009,0,24,0,732,756,764,783,0,0,0,2,1,3,1,7,0,2009,2,614,169,45,0,0,0,0,0,6,2010,7.34407285057307,12.2793231072698,6.62804137617953,6.63856778916652,6.6631326959908
"764",764,60,82,9430,8,5,1999,1999,673,1163,0,89,1252,1268,1097,0,1,0,2,1,3,1,8,1,1999,3,856,0,128,0,0,180,0,0,7,2009,7.76853330092603,12.7278382093345,7.13249755166004,7.14519613499717,7.00033446027523
"767",767,60,80,10421,7,5,1988,1988,42,394,0,586,980,980,734,0,0,0,2,1,3,1,7,1,1988,2,496,228,66,156,0,0,0,500,3,2010,7.44658509915773,12.1884177102915,6.88755257166462,6.88755257166462,6.59850902861452
"768",768,50,75,12508,6,7,1940,1985,0,660,0,323,983,983,767,0,1,0,2,0,4,1,7,0,1989,1,423,245,0,156,0,0,0,1300,7,2008,7.46737106691756,11.982929094216,6.89060912014717,6.89060912014717,6.64248680136726
"770",770,60,47,53504,8,5,2003,2003,603,1416,0,234,1650,1690,1589,0,1,0,3,1,4,1,12,1,2003,3,841,503,36,0,0,210,0,0,6,2010,8.09529377684465,13.1956138391439,7.40853056689463,7.43248380791712,7.37086016653672
"782",782,60,65,7153,6,5,1992,1992,0,387,0,374,761,810,793,0,0,0,2,1,3,1,7,0,1992,2,484,0,124,0,0,0,0,0,7,2006,7.37963215260955,12.0776709307256,6.63463335786169,6.69703424766648,6.67582322163485
"787",787,50,60,10800,5,6,1915,1950,0,686,0,0,686,966,686,0,1,0,2,0,4,1,7,0,1961,1,416,0,0,196,0,0,0,1200,6,2010,7.40974195408092,11.8422292121128,6.53087762772588,6.87316383421252,6.53087762772588
"788",788,60,76,10142,7,5,2004,2004,0,656,0,300,956,956,1128,0,1,0,2,1,4,1,8,0,2004,2,618,0,45,0,0,0,0,0,1,2010,7.64204440287326,12.3587937325478,6.8627579130514,6.8627579130514,7.028201432058
"793",793,60,92,9920,7,5,1996,1997,0,862,0,255,1117,1127,886,0,1,0,2,1,3,1,8,1,1997,2,455,180,130,0,0,0,0,0,6,2007,7.60738142563979,12.5053991575767,7.0184017990692,7.02731451403978,6.78671695060508
"796",796,60,70,8400,6,6,1980,1981,130,0,0,650,650,888,676,0,0,0,2,1,3,1,7,1,1980,2,476,0,50,0,0,204,0,0,4,2010,7.35500192110526,12.0494188354848,6.47697236288968,6.78897174299217,6.51619307604296
"799",799,60,104,13518,9,5,2008,2009,860,0,0,1926,1926,1966,1174,0,0,0,3,1,4,1,11,2,2009,3,820,144,78,0,0,0,0,0,7,2009,8.0519780789023,13.0919041699196,7.56320059235807,7.58375630070711,7.06817200038804
"800",800,50,60,7200,5,7,1937,1950,252,569,0,162,731,981,787,0,1,0,1,1,3,1,7,2,1939,1,240,0,0,264,0,0,0,0,6,2007,7.47760424319759,12.0725412529057,6.59441345974978,6.88857245956536,6.6682282484174
"801",801,60,79,12798,6,5,1997,1997,0,462,0,154,616,616,1072,0,1,0,2,1,4,1,8,0,1997,2,603,403,114,185,0,0,0,400,5,2008,7.4312996751559,12.2060726455302,6.42324696353352,6.42324696353352,6.97728134163075
"803",803,60,63,8199,7,5,2005,2005,0,648,0,80,728,728,728,0,1,0,2,1,3,1,7,1,2005,2,410,36,18,0,0,0,0,0,10,2008,7.28344822875663,12.1495022940418,6.59030104819669,6.59030104819669,6.59030104819669
"804",804,60,107,13891,9,5,2008,2009,424,0,0,1734,1734,1734,1088,0,0,0,3,1,4,1,12,1,2009,3,1020,52,170,0,0,192,0,0,1,2009,7.94520113241276,13.2758275359155,7.45818615734049,7.45818615734049,6.99209642741589
"808",808,70,144,21384,5,6,1923,2004,0,1309,0,15,1324,1072,504,0,2,0,1,1,3,1,6,1,1923,2,528,0,312,0,0,0,0,0,5,2009,7.36264527041782,12.3171666930358,7.18841273649695,6.97728134163075,6.22257626807137
"810",810,75,90,8100,5,5,1898,1965,0,0,0,849,849,1075,1063,0,0,0,2,0,2,3,11,0,1910,2,360,40,156,0,0,0,0,0,11,2009,7.66762609158499,11.5711943730942,6.74405918631135,6.98007594056176,6.96885037834195
"815",815,50,45,8248,5,7,1918,1950,0,0,0,686,686,686,564,0,0,1,1,1,3,1,7,0,1955,1,280,207,0,96,0,0,0,0,7,2006,7.13089883029635,11.6613454700885,6.53087762772588,6.53087762772588,6.33505425149806
"821",821,60,72,7226,7,5,2003,2003,0,0,0,798,798,798,842,0,0,0,2,1,3,1,6,0,2003,2,595,0,45,0,0,0,0,0,6,2008,7.40245152081824,12.1172414318236,6.68210859744981,6.68210859744981,6.73578001424233
"824",824,50,60,9900,6,7,1940,1950,0,0,0,778,778,944,545,0,0,0,2,0,3,1,7,1,1940,1,240,335,0,0,0,0,0,0,7,2009,7.30586003268401,11.8458198802436,6.65672652417839,6.8501261661455,6.30078579466324
"830",830,160,24,2544,7,5,2005,2005,0,0,0,600,600,520,623,80,0,0,2,1,2,1,4,0,2005,2,480,0,166,0,0,0,0,0,7,2006,7.10906213568717,11.9009052587374,6.39692965521615,6.25382881157547,6.43454651878745
"832",832,160,30,3180,7,5,2005,2005,0,0,0,600,600,520,600,80,0,0,2,1,2,1,4,0,2005,2,480,0,166,0,0,0,0,0,6,2006,7.09007683577609,11.9250351157971,6.39692965521615,6.25382881157547,6.39692965521615
"833",833,60,44,9548,7,6,2003,2003,223,483,0,458,941,941,888,0,1,0,2,1,3,1,7,1,2003,2,613,192,39,0,0,0,0,0,1,2010,7.51152464839087,12.3758154201173,6.84694313958538,6.84694313958538,6.78897174299217
"838",838,160,21,1680,6,5,1973,1973,158,330,0,153,483,483,504,0,1,0,1,1,2,1,5,0,1973,1,264,0,0,0,0,0,0,0,11,2008,6.89467003943348,11.5129254649702,6.18001665365257,6.18001665365257,6.22257626807137
"840",840,50,70,11767,5,6,1946,1995,0,352,0,416,768,768,432,0,0,0,1,0,3,1,6,0,1946,1,240,0,0,0,0,0,0,0,5,2008,7.09007683577609,11.7791285057449,6.64378973314767,6.64378973314767,6.06842558824411
"842",842,70,60,10440,5,8,1904,2002,0,0,0,650,650,958,581,0,0,0,2,0,3,1,8,1,1983,2,686,70,78,68,0,0,0,0,6,2008,7.33888813383888,11.9671807372478,6.47697236288968,6.86484777797086,6.36475075685191
"845",845,50,100,12665,5,8,1915,1950,0,0,0,876,876,876,540,0,0,0,1,1,4,1,7,1,1949,3,720,418,0,194,0,0,0,0,6,2008,7.25559127425367,11.944058319827,6.77536609093639,6.77536609093639,6.29156913955832
"847",847,60,75,9317,7,5,1993,1993,137,513,0,227,740,1006,769,0,1,0,2,1,3,1,7,1,1993,2,425,234,72,192,0,0,0,0,7,2009,7.48155570190952,12.2690474446916,6.60665018619822,6.91373735065968,6.64509096950564
"849",849,50,75,45600,6,8,1908,1997,0,0,0,907,907,1307,1051,0,0,0,3,0,5,1,10,1,1908,2,360,486,40,0,0,175,0,0,9,2008,7.76556908109732,12.3883942023241,6.81014245011514,7.17548971362422,6.95749737087695
"850",850,80,80,9600,6,7,1976,1994,360,0,0,528,528,1094,761,0,0,0,2,1,3,1,7,1,1976,2,512,113,100,0,0,0,0,0,8,2007,7.52563997504154,12.1388638958367,6.26909628370626,6.99759598298193,6.63463335786169
"853",853,75,53,7128,7,5,1941,1950,0,364,0,554,918,918,728,0,0,0,2,0,4,1,7,2,1941,1,240,0,0,0,0,126,0,0,8,2007,7.40610338123702,12.0076217068063,6.82219739062049,6.82219739062049,6.59030104819669
"858",858,60,65,8125,6,5,1994,1995,0,0,0,702,702,702,779,0,0,0,2,1,3,1,6,1,1994,2,343,0,36,0,0,0,0,0,3,2009,7.3004728142678,12.0668105781967,6.55393340402581,6.55393340402581,6.65801104587075
"861",861,50,55,7642,7,8,1918,1998,0,0,0,912,912,912,514,0,0,0,1,1,3,1,7,1,1925,1,216,0,240,0,0,0,0,0,6,2007,7.26262860097424,12.1545161586158,6.81563999007433,6.81563999007433,6.24222326545517
"870",870,60,80,9938,7,5,1993,1994,246,750,0,300,1050,1062,887,0,1,0,2,1,3,1,8,1,1993,2,574,156,90,0,0,0,0,0,6,2010,7.57507169950756,12.3715870840077,6.95654544315157,6.96790920180188,6.78784498230958
"872",872,60,70,8750,6,5,1998,1998,116,505,0,299,804,804,878,0,0,0,2,1,3,1,7,0,1998,2,523,0,77,0,0,0,0,0,6,2010,7.42773884053289,12.2085695257288,6.68959926917897,6.68959926917897,6.77764659363512
"875",875,50,52,5720,5,6,1941,1950,0,0,0,676,676,676,455,0,0,0,1,1,3,1,5,0,1941,1,200,26,0,0,0,0,0,0,8,2009,7.03085747611612,11.1049572266439,6.51619307604296,6.51619307604296,6.12029741895095
"876",876,60,75,9000,8,5,2007,2007,0,64,0,1120,1184,1184,1426,0,0,0,2,1,4,1,11,1,2007,2,550,208,364,0,0,0,0,0,8,2007,7.86710550031674,12.623061104073,7.07665381544395,7.07665381544395,7.26262860097424
"878",878,60,74,8834,9,5,2004,2005,216,1170,0,292,1462,1462,762,0,1,0,2,1,4,1,10,1,2004,3,738,184,0,0,0,0,0,0,6,2009,7.70706265537047,12.7656884334656,7.28756064030972,7.28756064030972,6.63594655568665
"882",882,50,44,13758,7,5,1990,1991,117,902,0,254,1156,1187,530,0,0,0,2,1,3,1,7,1,1990,2,400,168,36,0,0,0,0,0,4,2007,7.44833386089748,12.1415341243926,7.05272104923232,7.07918439460967,6.27287700654617
"884",884,75,60,6204,4,5,1912,1950,0,0,0,795,795,954,795,481,1,0,1,0,5,1,10,0,1997,1,440,0,188,0,0,0,0,0,3,2006,7.70975686445416,11.6826682395573,6.67834211465433,6.86066367144829,6.67834211465433
"888",888,50,59,16466,5,7,1955,1955,0,0,0,816,816,872,521,0,0,0,1,1,3,1,8,0,1955,1,300,121,0,0,0,265,0,0,4,2008,7.23921497377981,11.8167269193019,6.70441435496411,6.77078942390898,6.25575004175337
"891",891,50,60,8064,5,7,1949,2006,0,0,0,672,672,672,252,0,0,0,1,0,3,1,6,1,2003,2,576,0,0,0,0,0,0,2000,7,2007,6.82871207164168,11.7191262955541,6.51025834052315,6.51025834052315,5.52942908751142
"892",892,60,70,11184,6,5,1978,1978,92,226,500,192,918,918,765,0,0,0,2,1,3,1,7,1,1978,2,440,243,0,0,0,0,0,0,7,2009,7.42833319419081,12.0581525154536,6.82219739062049,6.82219739062049,6.63987583382654
"896",896,60,71,7056,6,5,1963,1963,415,400,0,380,780,983,813,0,1,0,1,1,4,1,8,1,1963,2,483,0,50,0,0,0,0,0,10,2008,7.49331724886215,11.8493977015914,6.65929391968364,6.89060912014717,6.70073110954781
"903",903,60,63,7875,7,5,2003,2003,0,0,0,783,783,807,702,0,0,0,2,1,3,1,8,1,2003,2,393,0,75,0,0,0,0,0,7,2006,7.31920245876785,12.1007121298723,6.6631326959908,6.69332366826995,6.55393340402581
"908",908,50,86,11500,7,7,1936,1987,0,223,0,794,1017,1020,1037,0,0,0,1,1,3,1,6,1,1936,1,180,0,0,0,0,322,0,0,6,2006,7.62900388965296,12.4292161968444,6.92461239604856,6.92755790627832,6.94408720822953
"910",910,60,149,12589,6,5,2005,2005,0,0,0,742,742,742,742,0,0,0,2,1,3,1,8,1,2005,2,390,36,24,0,0,0,0,0,6,2009,7.30249642372733,12.0668105781967,6.60934924316738,6.60934924316738,6.60934924316738
"911",911,90,80,11600,5,5,1960,1960,361,443,0,662,1105,1105,1169,0,0,0,2,0,5,2,12,0,1960,2,480,0,0,0,0,0,0,0,1,2010,7.72929567431048,11.9466540383513,7.00760061395185,7.00760061395185,7.06390396147207
"914",914,90,82,6270,5,6,1949,1950,0,284,0,717,1001,1001,1001,0,0,0,2,0,4,2,8,0,1949,3,871,0,0,0,0,0,0,0,8,2007,7.60190195987517,11.8844890214027,6.90875477931522,6.90875477931522,6.90875477931522
"915",915,160,30,3000,6,5,2009,2009,76,294,0,318,612,612,612,0,0,0,2,1,2,1,4,0,2009,2,528,0,234,0,0,0,0,0,6,2009,7.10987946307227,12.0652749169136,6.41673228251233,6.41673228251233,6.41673228251233
"916",916,160,21,2001,4,5,1970,1970,80,0,0,546,546,546,546,0,0,0,1,1,3,1,6,0,1970,1,286,0,0,0,0,0,0,0,1,2007,6.99576615630485,11.2252433925184,6.30261897574491,6.30261897574491,6.30261897574491
"919",919,60,103,13125,7,5,1991,1991,0,48,634,422,1104,912,1215,0,1,0,2,1,4,1,8,1,1991,3,833,72,192,224,0,0,0,0,11,2007,7.66246781520024,12.3800259526536,7.00669522683704,6.81563999007433,7.10249935577465
"921",921,60,70,8462,6,5,1994,1994,105,814,0,114,928,936,785,0,0,1,2,1,3,1,7,0,1994,2,471,300,87,0,0,0,0,0,7,2007,7.45066079621154,12.2110601870412,6.8330317327862,6.84161547647759,6.66568371778241
"927",927,60,93,11999,8,5,2003,2004,340,0,0,1181,1181,1234,1140,0,0,0,2,1,4,1,10,1,2003,3,656,104,100,0,0,0,0,0,5,2007,7.77233157516961,12.5602444592508,7.07411681619736,7.11801620446533,7.03878354138854
"938",938,60,75,9675,7,5,2005,2005,0,341,0,772,1113,1113,858,0,0,0,2,1,3,1,8,1,2005,2,689,0,48,0,0,0,0,0,2,2009,7.58629630715272,12.4411447677097,7.01481435127554,7.01481435127554,6.75460409948796
"939",939,60,73,8760,7,5,2006,2006,0,464,0,927,1391,1391,571,0,0,0,2,1,3,1,7,0,2006,3,868,0,90,0,0,0,0,0,8,2006,7.58171964012531,12.3875563514251,7.23777819192344,7.23777819192344,6.34738920965601
"946",946,50,98,8820,5,6,1890,1996,0,1088,0,0,1088,1188,561,120,0,0,1,0,2,1,7,0,1963,2,456,48,0,244,0,0,0,0,9,2009,7.53315880745556,11.7352686961137,6.99209642741589,7.08002649992259,6.3297209055227
"949",949,60,65,14006,7,5,2002,2002,144,0,0,936,936,936,840,0,0,0,2,1,3,1,7,1,2002,2,474,144,96,0,0,0,0,0,2,2006,7.48211892355212,12.16785143271,6.84161547647759,6.84161547647759,6.73340189183736
"956",956,90,82,7136,6,6,1946,1950,423,484,0,495,979,979,979,0,0,0,2,0,4,2,8,0,1946,2,492,0,0,0,0,0,0,0,8,2007,7.57967882309046,11.8844890214027,6.88653164253051,6.88653164253051,6.88653164253051
"957",957,160,24,1300,6,6,1980,1980,0,285,0,276,561,561,668,0,0,0,1,1,2,1,5,1,1980,2,462,150,0,0,0,0,0,0,5,2009,7.11395610956603,11.7280368445872,6.3297209055227,6.3297209055227,6.50428817353665
"960",960,160,24,2572,7,5,1999,1999,0,604,0,92,696,696,720,0,1,0,2,1,3,1,6,0,1999,2,484,0,44,0,0,0,0,0,5,2010,7.25559127425367,11.9511803959014,6.54534966033442,6.54534966033442,6.5792512120101
"963",963,160,24,2308,6,6,1976,1976,0,556,0,248,804,804,744,0,1,0,2,1,3,1,7,1,1976,2,440,48,0,0,0,0,0,0,7,2007,7.34471905414967,11.9511803959014,6.68959926917897,6.68959926917897,6.61204103483309
"965",965,60,80,11316,7,5,2002,2003,44,624,0,193,817,824,1070,0,1,0,2,1,4,1,8,1,2002,2,510,0,40,0,0,0,0,0,2,2010,7.54644627374602,12.2779280826306,6.70563909486,6.71417052990947,6.97541392745595
"966",966,60,65,10237,6,5,2005,2007,0,0,0,783,783,783,701,0,0,0,2,1,3,1,8,1,2005,2,393,0,72,0,0,0,0,0,7,2007,7.30249642372733,12.0945822694968,6.6631326959908,6.6631326959908,6.55250788703459
"967",967,50,130,9600,5,7,1940,1950,0,428,0,300,728,976,332,0,1,0,1,1,2,1,7,2,1940,1,256,0,70,0,0,0,0,0,6,2009,7.17625453201714,11.982929094216,6.59030104819669,6.88346258641309,5.80513496891649
"972",972,160,36,2268,7,5,2003,2004,106,567,0,197,764,764,862,0,0,0,2,0,2,1,6,0,2003,2,474,0,27,0,0,0,0,0,7,2009,7.39387829010776,12.0610468734799,6.63856778916652,6.63856778916652,6.75925527066369
"975",975,70,60,11414,7,8,1910,1993,0,0,0,728,728,1136,883,0,0,0,1,0,3,1,8,0,1997,2,532,509,135,0,0,0,0,0,10,2009,7.61035761831284,12.0287386302473,6.59030104819669,7.0352685992811,6.78332520060396
"982",982,60,98,12203,8,5,1998,1999,975,854,0,371,1225,1276,1336,0,1,0,2,1,4,1,8,1,1998,3,676,250,0,0,0,0,0,0,7,2009,7.86787149039632,12.7248664389453,7.11069612297883,7.15148546390474,7.19743535409659
"987",987,50,59,5310,6,8,1910,2003,0,0,0,485,485,1001,634,0,0,0,1,0,2,1,5,0,1950,1,255,394,0,0,0,0,0,0,6,2006,7.39939808333135,11.6699292137799,6.18414889093748,6.90875477931522,6.45204895443723
"990",990,60,65,8125,7,5,2006,2006,0,0,0,770,770,778,798,0,0,0,2,1,3,1,6,0,2006,2,614,0,50,0,0,0,0,0,8,2006,7.36264527041782,12.1909590077201,6.64639051484773,6.65672652417839,6.68210859744981
"991",991,60,82,9452,8,5,1997,1998,423,1074,0,322,1396,1407,985,0,1,0,2,1,3,1,7,1,1997,3,870,0,70,0,0,0,0,0,6,2006,7.77988511507052,12.7599577587566,7.24136628332232,7.24921505711439,6.89264164117209
"992",992,70,121,17671,8,9,1882,1986,0,216,0,700,916,916,826,0,0,0,1,1,4,1,8,1,1925,2,424,0,169,0,0,0,0,0,11,2009,7.46278915741245,12.0317192583854,6.82001636467413,6.82001636467413,6.71659477352098
"993",993,60,80,9760,6,8,1964,1993,340,536,117,169,822,1020,831,0,0,0,2,1,3,1,7,1,1964,2,440,239,42,0,0,0,0,0,7,2007,7.5234813125735,12.1388638958367,6.71174039505618,6.92755790627832,6.72262979485545
"994",994,60,68,8846,6,5,2005,2006,0,0,0,750,750,750,750,0,0,0,2,1,3,1,6,0,2005,2,564,0,35,0,0,0,0,0,8,2006,7.3132203870903,12.0662357003424,6.62007320653036,6.62007320653036,6.62007320653036
"996",996,50,51,4712,4,7,1946,1950,0,384,0,363,747,774,456,0,1,0,1,1,3,1,5,0,1946,1,305,0,57,0,0,63,0,0,8,2006,7.11476944836646,11.7084922485142,6.61606518513282,6.65157187358973,6.12249280951439
"1008",1008,160,21,2217,4,4,1970,1970,0,273,273,0,546,546,546,0,0,0,1,1,3,1,6,0,1970,1,286,238,0,0,0,0,0,0,8,2009,6.99576615630485,11.3850920934603,6.30261897574491,6.30261897574491,6.30261897574491
"1011",1011,50,115,21286,5,5,1948,1950,0,0,0,720,720,720,551,0,0,0,2,0,4,1,7,1,1948,1,312,0,0,108,0,0,0,0,8,2008,7.14755927118945,11.8130300574206,6.5792512120101,6.5792512120101,6.31173480915291
"1013",1013,70,55,10592,6,7,1923,1996,0,0,0,602,602,900,602,0,0,0,1,1,3,1,7,2,1923,1,180,96,0,112,0,53,0,0,8,2007,7.31455283232408,12.0137007528827,6.40025744530882,6.80239476332431,6.40025744530882
"1016",1016,60,70,8400,8,6,2001,2001,0,643,0,167,810,810,855,0,1,0,2,1,3,1,6,0,2001,2,528,0,45,0,0,0,0,0,11,2009,7.41758040241454,12.3327052964635,6.69703424766648,6.69703424766648,6.75110146893676
"1023",1023,50,52,9439,5,5,1930,1950,0,324,0,588,912,912,336,0,0,0,1,0,2,1,6,0,1957,1,160,0,0,192,0,0,0,0,3,2007,7.12929754892937,11.3736633976367,6.81563999007433,6.81563999007433,5.8171111599632
"1029",1029,50,79,9492,5,5,1941,1950,0,368,41,359,768,968,408,0,1,0,1,0,3,1,6,1,1941,1,240,0,0,0,0,0,0,0,4,2007,7.22693601849329,11.5617156291397,6.64378973314767,6.87523208727658,6.01126717440416
"1030",1030,160,21,1680,6,7,1972,1972,281,317,0,355,672,672,546,0,0,1,1,1,3,1,7,0,1972,1,264,0,28,0,0,0,0,0,5,2006,7.10496544826984,11.6784399034478,6.51025834052315,6.51025834052315,6.30261897574491
"1032",1032,75,102,15863,7,3,1920,1970,0,523,0,301,824,1687,998,397,1,0,2,1,5,1,12,2,1970,2,672,136,63,0,0,0,0,0,8,2009,8.03333401588006,12.1909590077201,6.71417052990947,7.43070708254597,6.90575327631146
"1044",1044,60,86,11839,7,5,1990,1990,99,1085,0,390,1475,1532,797,0,1,0,2,1,4,1,10,1,1990,2,514,192,121,0,0,0,0,0,5,2008,7.75319426988434,12.4771679143776,7.29641326877392,7.33432935030054,6.68085467879022
"1047",1047,60,85,16056,9,5,2005,2006,208,240,0,1752,1992,1992,876,0,0,0,3,1,4,1,11,1,2005,3,716,214,108,0,0,0,0,0,7,2006,7.96137020171951,13.2295679916666,7.59689443814454,7.59689443814454,6.77536609093639
"1053",1053,60,100,9500,6,6,1964,1978,272,442,0,374,816,1127,850,0,0,1,1,1,4,1,9,1,1964,2,540,0,52,0,0,0,0,0,6,2007,7.58933582317062,12.0137007528827,6.70441435496411,7.02731451403978,6.74523634948436
"1055",1055,60,90,11367,8,5,2002,2002,210,932,0,133,1065,1091,898,0,1,0,2,1,3,1,7,1,2002,2,586,199,60,0,0,0,0,0,11,2006,7.59538727885397,12.4490188241406,6.97073007814353,6.99484998583307,6.8001700683022
"1059",1059,60,96,11308,9,5,2008,2008,154,936,0,168,1104,1130,1054,0,1,0,2,1,3,1,10,1,2008,3,836,0,102,0,0,0,0,0,7,2009,7.6889133368648,12.7218858108072,7.00669522683704,7.02997291170639,6.96034772910131
"1063",1063,190,85,13600,5,5,1900,1950,0,0,0,662,662,1422,915,0,0,0,2,0,5,2,10,0,1945,2,560,0,57,0,0,0,0,0,9,2007,7.75662333453886,11.4075649493124,6.49526555593701,7.25981961036319,6.81892406527552
"1066",1066,60,80,14000,7,5,1996,1997,0,1201,0,105,1306,1306,954,0,1,0,2,1,3,1,7,0,1996,2,533,296,44,0,0,0,0,0,4,2010,7.72312009226633,12.7007688873663,7.17472430983638,7.17472430983638,6.86066367144829
"1067",1067,60,59,7837,6,7,1993,1994,0,0,0,799,799,799,772,0,0,0,2,1,3,1,7,1,1993,2,380,0,40,0,0,0,0,0,5,2009,7.35946763825562,12.0895388292742,6.68336094576627,6.68336094576627,6.64898455002478
"1068",1068,60,80,9760,6,6,1964,1964,360,674,106,0,780,798,813,0,1,0,1,1,4,1,7,0,1964,2,442,328,128,0,0,189,0,0,6,2008,7.38461038317697,12.0311238430656,6.65929391968364,6.68210859744981,6.70073110954781
"1069",1069,160,42,3964,6,4,1973,1973,0,837,0,105,942,1291,1230,0,1,0,2,1,5,1,10,1,1973,2,576,728,20,0,0,0,0,0,6,2006,7.83241092718792,11.9276806199855,6.84800527457636,7.16317239084664,7.11476944836646
"1072",1072,60,78,11700,6,6,1968,1968,0,298,0,429,727,829,727,0,0,0,1,1,4,1,8,0,1968,2,441,0,0,0,0,0,0,0,5,2009,7.34987370473834,11.9447078813958,6.58892647753352,6.7202201551353,6.58892647753352
"1073",1073,50,50,7585,5,3,1948,1950,0,0,0,810,810,1002,454,0,1,1,1,0,4,1,7,1,1954,1,280,0,0,0,0,0,0,0,8,2006,7.28344822875663,11.4240942512636,6.69703424766648,6.90975328164481,6.11809719804135
"1074",1074,60,75,7950,6,6,1977,1977,140,535,0,155,690,698,728,0,0,0,1,1,3,1,6,0,1977,2,440,252,0,0,0,0,0,0,7,2009,7.26262860097424,11.979799201207,6.5366915975913,6.54821910276237,6.59030104819669
"1076",1076,70,75,13125,7,6,1940,1984,0,410,0,390,800,960,780,0,0,0,1,1,3,1,6,2,1940,1,240,0,0,0,0,0,0,0,7,2007,7.46164039220858,12.2991075114974,6.68461172766793,6.86693328446188,6.65929391968364
"1077",1077,50,60,10800,5,8,1936,1989,0,626,0,170,796,1096,370,0,0,1,2,0,3,1,7,1,1950,2,566,436,21,0,0,0,0,500,4,2006,7.2902928824466,12.0435537160324,6.67959918584438,6.99942246750796,5.91350300563827
"1088",1088,60,85,10574,8,5,2005,2006,0,0,0,1082,1082,1082,871,0,0,0,2,1,3,1,9,1,2005,3,1043,160,50,0,0,0,0,0,5,2009,7.57712193087668,12.4371843664936,6.98656645940643,6.98656645940643,6.7696419768525
"1089",1089,160,24,2522,7,5,2004,2004,50,0,0,970,970,970,739,0,0,0,2,0,3,1,7,0,2004,2,380,0,40,0,0,0,0,0,4,2006,7.44366368311559,11.8313791960888,6.87729607149743,6.87729607149743,6.6052979209482
"1092",1092,160,24,2160,7,5,1999,2000,212,510,0,90,600,624,628,0,1,0,2,1,2,1,4,0,1999,2,462,0,48,0,0,0,0,0,3,2008,7.13249755166004,11.982929094216,6.39692965521615,6.43615036836943,6.4425401664682
"1093",1093,50,60,8400,6,5,1925,1950,0,423,0,758,1181,1390,304,0,0,0,2,0,4,1,7,1,1925,2,576,342,0,128,0,0,0,0,6,2008,7.434847875212,11.8240798936072,7.07411681619736,7.23705902612474,5.71702770140622
"1099",1099,50,50,6000,4,6,1936,1950,0,672,0,0,672,757,567,0,0,0,1,0,3,1,6,0,1936,1,240,0,0,0,0,0,0,0,7,2009,7.18841273649695,11.7597855429018,6.51025834052315,6.62936325343745,6.34035930372775
"1105",1105,160,24,2016,5,5,1970,1970,304,0,0,630,630,630,672,0,0,0,2,1,3,1,6,0,1970,2,440,0,0,0,0,0,0,0,4,2007,7.17165682276851,11.5711943730942,6.44571981938558,6.44571981938558,6.51025834052315
"1106",1106,60,98,12256,8,5,1994,1995,362,1032,0,431,1463,1500,1122,0,1,0,2,1,3,1,9,2,1994,2,712,186,32,0,0,0,0,0,4,2010,7.87169266432365,12.6915804613119,7.28824440102012,7.3132203870903,7.02286808608264
"1108",1108,60,168,23257,7,5,2006,2006,0,0,0,868,868,887,1134,0,0,0,2,1,3,1,9,1,2006,2,422,0,100,0,0,0,0,0,9,2006,7.61134771740362,12.5235258763151,6.76619171466035,6.78784498230958,7.0335064842877
"1112",1112,60,80,10480,7,6,1976,1976,660,403,0,400,803,1098,866,0,0,0,2,1,4,1,8,1,1976,2,483,0,69,0,0,0,0,0,9,2008,7.58273848891441,12.2307652581205,6.68835471394676,7.00124562206948,6.76388490856244
"1119",1119,80,85,13825,5,6,1958,1987,0,0,0,533,533,1021,580,0,0,1,1,0,3,1,6,0,1958,1,300,280,34,0,0,0,0,0,12,2008,7.37838371299671,11.8493977015914,6.27852142416584,6.92853781816467,6.36302810354046
"1129",1129,60,59,11796,7,5,2004,2005,0,0,0,847,847,847,1112,0,0,0,2,1,4,1,8,1,2004,2,434,100,48,0,0,0,0,0,7,2007,7.58018941794454,12.2783933071098,6.74170069465205,6.74170069465205,7.01391547481053
"1131",1131,50,65,7804,4,3,1928,1950,0,622,0,500,1122,1328,653,0,1,0,2,0,4,1,7,2,1981,2,576,431,44,0,0,0,0,0,12,2009,7.59135704669855,11.8130300574206,7.02286808608264,7.19142933003638,6.48157712927643
"1133",1133,70,90,9900,6,4,1880,1950,0,0,0,1008,1008,1178,1032,0,0,0,2,0,5,1,8,0,1930,1,205,0,48,0,0,0,0,0,5,2007,7.7007477945118,11.6741936125664,6.91572344863131,7.07157336421153,6.93925394604151
"1134",1134,60,80,9828,8,5,1995,1995,0,584,0,544,1128,1142,878,0,0,0,2,1,3,1,8,1,1995,2,466,0,155,0,0,0,0,0,6,2009,7.61085279039525,12.3863086958331,7.028201432058,7.04053639021596,6.77764659363512
"1135",1135,60,57,8773,6,5,1997,1997,0,0,0,916,916,916,684,0,0,0,2,1,3,1,7,1,1997,2,460,100,38,0,0,0,0,0,8,2007,7.37775890822787,12.0376539939052,6.82001636467413,6.82001636467413,6.52795791762255
"1137",1137,50,80,9600,6,5,1950,1950,0,280,0,752,1032,1032,220,0,0,0,1,0,3,1,6,0,1950,1,288,0,0,96,0,0,0,0,4,2008,7.13249755166004,11.6868787720937,6.93925394604151,6.93925394604151,5.39362754635236
"1143",1143,60,77,9965,8,5,2006,2007,340,1150,0,316,1466,1466,1362,0,1,0,3,0,4,1,11,1,2006,3,1052,125,144,0,0,0,0,0,4,2007,7.94732502701646,12.9595385187621,7.2902928824466,7.2902928824466,7.21670948670946
"1145",1145,190,60,12180,4,4,1941,1950,0,348,0,324,672,672,252,0,1,0,1,0,2,1,5,0,1941,1,280,0,0,0,0,0,0,0,7,2010,6.82871207164168,11.289781913656,6.51025834052315,6.51025834052315,5.52942908751142
"1146",1146,50,52,6240,5,6,1928,1950,0,0,0,1042,1042,1042,534,0,0,0,1,0,3,1,8,1,1928,1,225,0,0,0,0,0,0,0,8,2006,7.36264527041782,11.9117015849276,6.94889722231331,6.94889722231331,6.2803958389602
"1148",1148,70,75,12000,7,7,1941,1950,0,275,0,429,704,860,704,0,0,0,1,1,3,1,7,1,1941,1,234,0,0,0,0,0,0,0,7,2009,7.35500192110526,12.0696800206246,6.55677835615804,6.75693238924755,6.55677835615804
"1150",1150,70,50,9000,7,9,1920,1988,0,624,0,26,650,832,650,0,0,1,1,0,3,1,7,0,1930,2,324,0,0,0,0,0,0,0,7,2009,7.30114780585603,11.870599909242,6.47697236288968,6.72383244082121,6.47697236288968
"1160",1160,60,76,9120,6,6,1974,1974,270,442,0,459,901,943,933,0,0,0,2,1,4,1,8,1,1974,2,540,0,69,0,0,0,0,0,7,2008,7.53689712956617,12.1281111040605,6.80350525760834,6.84906628263346,6.83840520084734
"1161",1161,160,24,2280,6,5,1978,1978,0,311,0,544,855,855,601,0,0,0,2,1,3,1,7,1,1978,2,440,26,0,0,0,0,0,0,7,2010,7.28344822875663,11.8913619006905,6.75110146893676,6.75110146893676,6.39859493453521
"1168",1168,60,58,10852,6,5,2000,2000,0,786,0,173,959,959,712,0,1,0,2,1,3,1,7,1,2000,2,472,0,38,0,0,0,0,0,2,2006,7.42117752859539,12.0610468734799,6.86589107488344,6.86589107488344,6.56807791141198
"1169",1169,70,120,13728,6,7,1935,1986,0,626,0,501,1127,1236,872,0,0,0,2,0,4,1,7,2,1935,2,540,0,0,0,0,90,0,0,7,2008,7.65349490966125,12.3673407931263,7.02731451403978,7.11963563801764,6.77078942390898
"1170",1170,60,118,35760,10,5,1995,1996,1378,1387,0,543,1930,1831,1796,0,1,0,3,1,4,1,10,1,1995,3,807,361,76,0,0,0,0,0,7,2006,8.1961611392829,13.3455069287185,7.56527528189893,7.51261754467451,7.49331724886215
"1173",1173,160,35,4017,7,5,2006,2007,0,0,0,625,625,625,625,0,0,0,2,1,2,1,5,0,2006,2,625,0,54,0,0,0,0,0,3,2008,7.13089883029635,12.0546681913709,6.4377516497364,6.4377516497364,6.4377516497364
"1175",1175,70,80,16560,6,8,1932,1950,0,503,0,449,952,1170,1175,0,0,0,2,1,4,1,9,1,1932,2,360,0,0,0,0,0,0,0,7,2006,7.76004068088038,12.3842188309136,6.85856503479136,7.0647590277918,7.06902342657826
"1176",1176,50,85,10678,8,5,1992,2000,337,700,0,983,1683,2129,743,0,0,0,2,1,4,1,9,1,1992,2,541,0,33,0,0,0,0,0,4,2007,7.96276393016811,12.5602444592508,7.42833319419081,7.66340766489348,6.61069604471776
"1179",1179,50,54,7681,5,6,1921,1950,0,0,0,731,731,820,523,0,0,0,1,1,3,1,7,1,1921,1,186,192,0,102,0,0,0,0,7,2009,7.20266119652324,11.950535026405,6.59441345974978,6.7093043402583,6.25958146406492
"1183",1183,60,160,15623,10,5,1996,1996,0,2096,0,300,2396,2411,2065,0,1,0,3,1,4,1,10,2,1996,3,813,171,78,0,0,0,555,0,7,2007,8.40648506943182,13.5211394973617,7.78155595923534,7.78779687818117,7.63288550539513
"1186",1186,50,60,9738,5,7,1924,1950,0,392,0,392,784,949,272,0,1,0,1,0,4,1,7,0,1965,1,392,0,0,236,0,0,0,0,3,2006,7.1074254741107,11.5607627943844,6.66440902035041,6.85540879860993,5.605802066296
"1187",1187,190,107,10615,3,5,1900,1970,0,440,0,538,978,1014,685,0,1,0,2,0,3,2,7,0,1920,2,420,0,74,0,0,0,0,0,8,2009,7.43779512167193,11.4616321705827,6.88550967003482,6.92165818415113,6.52941883826223
"1189",1189,60,68,8935,7,5,2002,2002,95,0,0,831,831,831,829,0,0,0,2,1,3,1,7,0,2002,2,493,144,68,0,0,0,0,0,7,2009,7.41457288135059,12.1807548375459,6.72262979485545,6.72262979485545,6.7202201551353
"1190",1190,60,60,7500,7,5,1999,1999,0,0,0,994,994,1028,776,0,0,0,2,1,3,1,7,1,1999,2,442,140,60,0,0,0,0,0,6,2010,7.49776170062257,12.1495022940418,6.90173720665657,6.93537044601511,6.65415252018322
"1192",1192,160,24,2645,8,5,1999,2000,456,0,0,776,776,764,677,0,0,0,2,1,2,1,5,0,1999,2,492,206,0,0,0,0,0,0,11,2007,7.27309259599952,12.0668105781967,6.65415252018322,6.63856778916652,6.51767127291227
"1193",1193,50,60,9600,5,8,1925,1994,0,0,0,702,702,842,630,0,0,0,1,0,3,1,6,0,1925,1,250,0,0,84,0,0,0,0,7,2007,7.29437729928882,11.7360690162844,6.55393340402581,6.73578001424233,6.44571981938558
"1195",1195,60,80,9364,6,7,1969,1969,143,371,0,292,663,663,689,0,0,0,1,1,4,1,7,0,1969,1,299,379,36,0,0,0,0,0,3,2010,7.20934025660291,11.9703503120091,6.49677499018586,6.49677499018586,6.53524127101366
"1196",1196,60,51,8029,6,5,2005,2005,0,0,0,728,728,728,728,0,0,0,2,1,3,1,8,0,2005,2,400,100,24,0,0,0,0,0,7,2008,7.28344822875663,12.0782392740203,6.59030104819669,6.59030104819669,6.59030104819669
"1197",1197,60,58,14054,7,5,2006,2006,0,0,0,879,879,879,984,0,0,0,2,1,4,1,9,1,2006,3,660,100,17,0,0,0,0,0,11,2006,7.52994337060159,12.2977854534534,6.77878489768518,6.77878489768518,6.89162589705225
"1198",1198,75,65,8850,7,6,1916,1950,0,0,0,815,815,815,875,0,0,0,1,0,3,1,7,1,1916,1,225,0,0,330,0,0,0,0,7,2006,7.43248380791712,11.8775685785581,6.70318811324086,6.70318811324086,6.77422388635761
"1202",1202,60,80,10400,7,5,1998,1998,0,0,0,866,866,866,913,0,0,0,2,1,3,1,6,0,1998,2,546,198,36,0,0,0,0,0,3,2009,7.48380668766583,12.1955171315907,6.76388490856244,6.76388490856244,6.81673588059497
"1203",1203,50,50,6000,5,8,1925,1997,0,0,0,884,884,884,464,0,1,0,1,0,3,1,5,1,1960,1,216,0,0,208,0,0,0,0,5,2009,7.20637729147225,11.6699292137799,6.78445706263764,6.78445706263764,6.13988455222626
"1211",1211,60,70,11218,6,5,1992,1992,0,0,0,1055,1055,1055,790,0,0,0,2,1,3,1,8,1,1992,2,462,635,104,0,0,0,0,400,5,2010,7.52023455647463,12.1495022940418,6.96129604591017,6.96129604591017,6.67203294546107
"1212",1212,50,152,12134,8,7,1988,2005,0,427,0,132,559,1080,672,0,0,0,2,0,4,1,8,0,1988,2,492,325,12,0,0,0,0,0,6,2010,7.46851327149634,12.0076217068063,6.3261494731551,6.98471632011827,6.51025834052315
"1223",1223,50,78,10496,6,6,1949,1950,320,196,0,844,1040,1168,678,0,0,0,2,0,3,1,7,1,1949,1,315,0,0,0,0,0,0,0,1,2007,7.5207764150628,11.870599909242,6.94697599213542,7.06304816338817,6.5191472879404
"1225",1225,60,60,15384,7,5,2004,2005,0,724,0,64,788,788,702,0,1,0,2,1,3,1,8,1,2004,2,388,100,75,0,0,0,0,0,2,2008,7.30653139893951,12.1226910365911,6.66949808985788,6.66949808985788,6.55393340402581
"1227",1227,60,86,14598,6,5,2007,2007,74,0,0,894,894,894,1039,0,0,0,2,1,4,1,9,1,2007,3,668,100,18,0,0,0,0,0,1,2008,7.56682847920833,12.273731294004,6.79570577517351,6.79570577517351,6.94601399109923
"1236",1236,70,96,13132,5,5,1914,1950,0,0,0,747,747,892,892,0,0,0,1,1,4,1,9,0,1914,1,180,203,40,0,0,0,0,0,7,2006,7.48661331313996,11.8414159318498,6.61606518513282,6.79346613258001,6.79346613258001
"1237",1237,160,36,2628,7,5,2003,2003,106,0,0,764,764,764,862,0,0,0,2,1,2,1,6,0,2003,2,474,0,27,0,0,0,0,0,6,2010,7.39387829010776,12.0753943218881,6.63856778916652,6.63856778916652,6.75925527066369
"1238",1238,60,41,12393,7,5,2004,2005,0,0,0,847,847,847,1101,0,0,0,2,1,4,1,8,1,2004,2,434,100,48,0,0,0,0,0,9,2006,7.57455848420248,12.1807548375459,6.74170069465205,6.74170069465205,7.00397413672268
"1241",1241,60,65,8158,7,5,2003,2003,252,550,0,334,884,884,884,0,1,0,2,1,3,1,8,0,2003,2,543,0,63,0,0,0,0,0,7,2008,7.47760424319759,12.3234111379474,6.78445706263764,6.78445706263764,6.78445706263764
"1246",1246,80,78,12090,6,7,1984,2003,74,0,0,585,585,1140,728,0,0,0,3,1,3,1,7,1,1984,2,477,268,112,0,0,147,0,0,1,2007,7.53262361878879,12.0895388292742,6.37161184723186,7.03878354138854,6.59030104819669
"1247",1247,60,65,8125,7,5,2005,2006,0,0,0,756,756,756,797,0,0,0,2,1,3,1,6,0,2005,2,615,0,45,0,0,0,0,0,3,2006,7.34794382314869,12.136186518066,6.62804137617953,6.62804137617953,6.68085467879022
"1249",1249,75,60,9600,6,5,1917,1950,0,319,0,416,735,1134,924,0,0,0,1,1,3,1,8,1,1950,2,396,0,0,259,0,0,0,0,4,2008,7.62948991639399,11.7714361601217,6.59987049921284,7.0335064842877,6.82871207164168
"1255",1255,60,60,6931,7,5,2003,2004,92,0,0,746,746,760,896,0,0,0,2,1,3,1,7,1,2003,2,397,178,128,0,0,0,0,0,7,2008,7.4121603349452,12.0161220615717,6.61472560020376,6.63331843328038,6.79794041297493
"1256",1256,50,52,6240,6,6,1931,1950,0,425,0,459,884,959,408,0,0,0,1,0,3,1,6,1,1978,1,560,0,0,0,0,120,0,0,11,2007,7.22037383672395,11.7558716435806,6.78445706263764,6.86589107488344,6.01126717440416
"1264",1264,70,60,13515,6,6,1919,1950,0,0,0,764,764,1060,764,0,0,0,1,0,3,1,8,1,1940,2,520,0,0,126,0,0,0,0,7,2007,7.50878717063428,12.1034860567551,6.63856778916652,6.96602418710611,6.63856778916652
"1266",1266,160,35,3735,7,5,1999,1999,218,450,0,241,691,713,739,0,1,0,2,1,3,1,6,0,1999,2,506,0,34,0,0,0,0,0,3,2006,7.28069719538474,12.1221474105924,6.53813982376767,6.5694814204143,6.6052979209482
"1267",1267,190,60,10120,7,4,1910,1950,0,0,0,925,925,964,925,0,0,0,1,1,4,2,9,1,1960,1,308,0,0,264,0,0,0,0,1,2007,7.54380286750151,11.7117763237154,6.82979373751242,6.87109129461055,6.82979373751242
"1270",1270,50,78,11344,5,5,1958,1958,180,460,0,414,874,874,650,0,0,0,1,1,3,1,7,0,1958,1,315,0,0,0,0,0,0,0,7,2007,7.32909373624659,11.8775685785581,6.77308037565554,6.77308037565554,6.47697236288968
"1275",1275,50,53,5362,5,6,1910,2003,0,0,0,661,661,661,589,0,0,0,2,0,3,1,8,1,1985,2,552,242,0,81,0,0,0,0,11,2007,7.13089883029635,11.8422292121128,6.49375383985169,6.49375383985169,6.37842618365159
"1276",1276,90,95,11345,5,5,1948,1950,567,220,0,708,928,928,992,0,0,0,2,0,4,2,10,0,1948,2,400,0,0,0,0,0,0,0,7,2007,7.56008046502183,11.8277362048103,6.8330317327862,6.8330317327862,6.89972310728487
"1280",1280,50,60,7500,4,4,1920,1950,0,0,0,698,698,698,430,0,0,0,1,0,2,1,6,0,1980,2,528,30,0,164,0,0,0,0,4,2010,7.028201432058,11.1331281036106,6.54821910276237,6.54821910276237,6.06378520868761
"1285",1285,50,50,9638,6,7,1919,1990,0,0,0,804,804,1699,748,0,0,0,2,0,4,1,10,1,1969,1,336,272,0,42,0,116,0,0,3,2010,7.80261806344267,12.0376539939052,6.68959926917897,7.43779512167193,6.61740297797448
"1286",1286,50,50,6000,6,6,1939,1950,0,0,0,780,780,825,587,0,0,0,1,0,4,1,6,1,1939,1,280,45,0,0,0,0,0,0,5,2009,7.25276241805319,11.7943379244084,6.65929391968364,6.71538338633468,6.3750248198281
"1290",1290,60,86,11065,8,5,2006,2006,788,0,0,1085,1085,1120,850,0,0,0,2,1,3,1,8,1,2006,3,753,177,74,0,0,0,0,0,10,2006,7.58578882173203,12.5461099483159,6.98933526597456,7.02108396428914,6.74523634948436
"1292",1292,160,21,1680,5,7,1972,1972,268,231,0,399,630,630,672,0,0,0,2,1,3,1,6,0,1972,1,264,185,0,0,0,0,0,0,2,2009,7.17165682276851,11.6910716503537,6.44571981938558,6.44571981938558,6.51025834052315
"1293",1293,70,60,6600,5,4,1892,1965,0,0,0,994,994,1378,994,0,0,0,2,0,4,2,11,0,1985,1,432,0,287,0,0,0,0,0,12,2009,7.77148876011762,11.5852461265499,6.90173720665657,7.2283884515736,6.90173720665657
"1294",1294,60,78,10140,7,5,1976,1976,0,194,0,638,832,832,832,0,0,0,2,1,4,1,8,1,1976,2,528,0,28,0,0,259,0,0,3,2006,7.41697962138115,12.0008917945901,6.72383244082121,6.72383244082121,6.72383244082121
"1299",1299,60,313,63887,10,5,2008,2008,796,5644,0,466,6110,4692,950,0,2,0,2,1,3,1,12,3,2008,2,1418,214,292,0,0,0,480,0,1,2008,8.63799389156194,11.982929094216,8.71768205216564,8.45361420977337,6.85646198459459
"1303",1303,60,92,10120,8,5,1994,1994,391,740,0,425,1165,1203,1323,0,1,0,2,1,4,1,8,1,1994,3,844,309,78,0,0,0,0,0,12,2006,7.83439230291044,12.5776362019627,7.0604763659998,7.09257371597468,7.18765716411496
"1305",1305,160,32,3363,7,5,2004,2004,117,0,0,976,976,976,732,0,0,0,2,0,3,1,7,0,2004,2,380,0,40,0,0,0,0,0,4,2006,7.44307837434852,11.7752897294377,6.88346258641309,6.88346258641309,6.59578051396131
"1314",1314,60,108,14774,9,5,1999,1999,165,0,0,1393,1393,1422,1177,0,0,0,2,1,4,1,10,1,1999,3,779,668,30,0,0,0,0,0,5,2010,7.86288203464149,12.7164021462475,7.23921497377981,7.25981961036319,7.07072410726028
"1316",1316,60,85,11075,6,5,1969,1969,0,500,276,176,952,1092,1020,0,0,0,2,1,4,1,9,2,1969,2,576,280,0,0,0,0,0,0,6,2008,7.65539064482615,12.2399908637336,6.85856503479136,6.99576615630485,6.92755790627832
"1323",1323,60,107,10186,7,5,1992,1992,0,674,0,76,750,1061,862,0,1,0,2,1,3,1,8,1,1992,2,564,240,39,0,0,0,0,0,6,2010,7.56164174558878,12.1547793511426,6.62007320653036,6.96696713861398,6.75925527066369
"1329",1329,50,60,10440,6,7,1920,1950,0,493,0,1017,1510,1584,1208,0,0,0,2,0,5,1,8,2,1920,2,520,0,547,0,0,480,0,1150,6,2008,7.93451346388226,12.4529327234617,7.31986492980897,7.36770857237437,7.09672137849476
"1330",1330,60,63,9084,7,5,1998,1998,0,0,0,935,935,955,677,0,0,0,2,1,3,1,8,1,1998,2,462,0,28,0,0,0,0,0,6,2006,7.39756153552405,12.0810761553555,6.84054652928869,6.86171134048073,6.51767127291227
"1334",1334,50,60,7200,5,6,1938,1995,0,0,0,803,803,803,557,0,0,0,1,1,2,1,6,0,1951,1,297,0,65,190,0,0,0,0,7,2006,7.2152399787301,11.740061037554,6.68835471394676,6.68835471394676,6.32256523992728
"1335",1335,160,24,2368,5,6,1970,1970,312,765,0,0,765,765,600,0,0,0,1,1,3,1,7,0,1970,2,440,0,36,0,0,0,0,0,5,2009,7.21890970761906,11.7360690162844,6.63987583382654,6.63987583382654,6.39692965521615
"1339",1339,60,95,13450,7,5,2002,2002,0,700,0,216,916,920,941,0,1,0,2,1,3,1,8,0,2002,2,492,146,91,0,0,0,0,0,6,2006,7.52886925664225,12.2060726455302,6.82001636467413,6.82437367004309,6.84694313958538
"1344",1344,50,57,7558,6,6,1928,1950,0,0,0,896,896,1172,741,0,0,0,1,1,3,1,9,1,1929,2,342,0,0,0,0,0,0,0,3,2009,7.55642796944025,12.083905011556,6.79794041297493,7.06646697013696,6.60800062529609
"1345",1345,60,85,11103,7,5,2006,2006,0,0,0,728,728,728,728,0,0,0,2,1,3,1,8,1,2006,2,440,0,0,0,0,0,0,0,7,2007,7.28344822875663,11.9565530341727,6.59030104819669,6.59030104819669,6.59030104819669
"1351",1351,90,91,11643,5,5,1969,1969,368,500,0,748,1248,1338,1296,0,1,1,2,2,6,2,12,0,1969,4,968,0,0,0,0,0,0,0,8,2009,7.87625888230323,12.2060726455302,7.12929754892937,7.19893124068817,7.16703787691222
"1352",1352,60,70,9247,6,6,1962,1962,318,319,0,539,858,858,858,0,0,0,1,1,4,1,8,1,1962,2,490,0,84,0,0,120,0,0,3,2008,7.44775128004791,12.0494188354848,6.75460409948796,6.75460409948796,6.75460409948796
"1353",1353,50,50,6000,6,9,1937,2000,0,0,0,698,698,786,390,0,0,0,1,0,2,1,4,0,1999,2,624,210,0,0,0,0,0,0,7,2009,7.06987412845857,11.8122890421958,6.54821910276237,6.66695679242921,5.96614673912369
"1354",1354,50,56,14720,8,5,1995,1996,579,816,0,1217,2033,2053,1185,0,1,0,2,1,4,1,9,1,1996,3,666,283,86,0,0,0,0,0,3,2010,8.08271113423758,12.9239124386805,7.61726781362835,7.62705741701893,7.07749805356923
"1356",1356,80,102,10192,7,6,1968,1992,143,0,0,570,570,1222,698,0,0,0,3,0,4,1,8,1,1968,2,487,0,98,0,0,0,0,0,9,2006,7.56008046502183,12.0435537160324,6.3456363608286,7.10824413973154,6.54821910276237
"1361",1361,70,51,9842,5,6,1921,1998,0,0,0,612,612,990,1611,0,0,0,3,1,4,1,8,0,1998,2,621,183,0,301,0,0,0,0,5,2008,7.86365126544865,12.1495022940418,6.41673228251233,6.89770494312864,7.38461038317697
"1364",1364,60,73,8499,6,5,2006,2007,0,0,0,616,616,616,796,0,0,0,2,1,3,1,6,1,2007,2,432,0,36,0,0,0,0,0,3,2007,7.25276241805319,11.9635678694873,6.42324696353352,6.42324696353352,6.67959918584438
"1365",1365,160,30,3180,7,5,2005,2005,0,0,0,600,600,520,600,80,0,0,2,1,2,1,4,0,2005,2,480,0,166,0,0,0,0,0,4,2006,7.09007683577609,11.8786235774066,6.39692965521615,6.25382881157547,6.39692965521615
"1367",1367,60,68,9179,7,5,1999,1999,158,633,0,240,873,882,908,0,1,0,2,1,3,1,7,0,1999,2,588,0,88,0,0,0,0,0,6,2008,7.4899708988348,12.170445467887,6.7719355558396,6.78219205600679,6.81124437860129
"1368",1368,160,41,2665,5,6,1977,1977,0,548,173,36,757,925,550,0,0,0,2,0,4,1,6,1,1977,1,336,104,26,0,0,0,0,0,7,2006,7.29641326877392,11.7519423654407,6.62936325343745,6.82979373751242,6.30991827822652
"1371",1371,50,90,5400,4,6,1920,1950,0,315,105,420,840,840,534,0,0,0,1,0,2,1,6,0,1967,1,338,0,0,198,0,0,0,0,10,2009,7.22548147278229,11.5617156291397,6.73340189183736,6.73340189183736,6.2803958389602
"1373",1373,60,75,9750,7,6,1998,1998,0,975,0,133,1108,1108,989,0,1,0,2,1,3,1,8,1,1998,2,583,253,170,0,0,0,0,0,6,2006,7.64826303090192,12.5219776769257,7.01031186730723,7.01031186730723,6.89669433162271
"1375",1375,60,85,10625,7,5,2005,2005,0,0,0,1026,1026,1026,932,0,0,0,2,1,3,1,9,1,2005,3,936,154,210,0,0,0,0,0,7,2008,7.57967882309046,12.4292161968444,6.93342302573071,6.93342302573071,6.83733281468559
"1378",1378,50,60,10998,5,5,1941,1960,0,408,420,156,984,984,620,0,0,0,2,0,3,1,6,0,1977,2,660,0,68,0,0,0,0,0,7,2009,7.38025578842646,11.6699292137799,6.89162589705225,6.89162589705225,6.42971947803914
"1379",1379,160,21,1953,6,5,1973,1973,408,309,0,174,483,483,504,0,0,0,1,1,2,1,5,0,1973,1,264,72,0,0,0,0,0,0,6,2006,6.89467003943348,11.3265958867787,6.18001665365257,6.18001665365257,6.22257626807137
"1380",1380,80,73,9735,5,5,2006,2007,0,0,0,384,384,754,640,0,0,0,2,1,3,1,7,0,2007,2,400,100,0,0,0,0,0,0,5,2008,7.23993259132047,12.0287386302473,5.95064255258773,6.62539236800796,6.46146817635372
"1383",1383,70,60,7200,7,7,1920,1950,0,0,0,596,596,998,764,0,1,0,1,1,4,1,8,0,1989,2,576,36,0,221,0,0,0,0,10,2006,7.47420480649612,11.9640010843304,6.39024066706535,6.90575327631146,6.63856778916652
"1385",1385,50,60,9060,6,5,1939,1950,0,204,0,356,560,698,560,0,0,0,1,0,2,1,6,0,1939,1,280,0,0,0,0,0,0,0,10,2009,7.13727843726039,11.5617156291397,6.32793678372919,6.54821910276237,6.32793678372919
"1386",1386,50,40,5436,4,8,1922,2007,0,735,0,61,796,796,358,0,1,0,1,0,3,1,7,0,1922,1,240,0,96,0,0,0,0,0,5,2010,7.05098944706805,11.740061037554,6.67959918584438,6.67959918584438,5.8805329864007
"1387",1387,60,80,16692,7,5,1978,1978,184,790,469,133,1392,1392,1392,0,1,0,3,1,5,1,12,2,1978,2,564,0,112,0,0,440,519,2000,7,2006,7.93164402145431,12.4292161968444,7.23849684089437,7.23849684089437,7.23849684089437
"1388",1388,50,60,8520,6,7,1916,1950,0,168,546,0,714,1664,862,0,0,0,2,0,5,1,10,1,1916,1,216,88,15,0,0,0,0,0,8,2007,7.83439230291044,11.8204101647182,6.57088296233958,7.41697962138115,6.75925527066369
"1390",1390,50,60,6000,6,6,1941,1950,0,375,0,360,735,869,349,0,0,1,1,0,3,1,6,1,2003,2,440,0,0,0,0,0,0,0,3,2007,7.10496544826984,11.7829526021833,6.59987049921284,6.76734312526539,5.85507192220243
"1394",1394,190,60,10800,6,7,1905,2000,0,0,0,482,482,1221,691,0,0,0,2,0,3,2,7,1,2003,2,672,0,25,212,0,0,0,0,4,2008,7.55590509361135,12.0015054797889,6.1779441140506,7.1074254741107,6.53813982376767
"1396",1396,60,88,12665,8,5,2005,2006,245,0,0,1094,1094,1133,1349,0,0,0,2,1,4,1,9,1,2005,3,642,144,39,0,0,0,0,0,2,2007,7.81681996576455,12.546867668291,6.99759598298193,7.03262426102801,7.20711885620776
"1398",1398,70,51,6120,5,8,1920,2004,0,0,0,939,939,939,574,0,0,0,1,1,4,1,8,0,1933,1,180,24,0,150,0,0,0,0,5,2007,7.32184971378836,11.8313791960888,6.84481547920826,6.84481547920826,6.35262939631957
"1399",1399,50,60,7200,5,4,1950,1982,0,180,352,676,1208,1136,768,0,1,0,1,1,3,1,7,0,1950,1,240,0,0,168,0,0,0,0,5,2009,7.55171221535131,11.8350089641393,7.09672137849476,7.0352685992811,6.64378973314767
"1400",1400,50,51,6171,6,6,1925,1990,0,264,0,712,976,1160,448,0,0,0,2,1,3,1,7,1,1925,1,216,147,16,0,0,0,0,0,10,2009,7.38274644973891,11.8310154935934,6.88346258641309,7.05617528410041,6.10479323241498
"1401",1401,50,50,6000,6,7,1929,1950,0,0,0,862,862,950,208,0,0,0,1,0,3,1,5,1,1929,1,208,0,0,112,0,0,0,0,7,2008,7.05444965813294,11.6952470217642,6.75925527066369,6.85646198459459,5.33753807970132
"1402",1402,60,62,7415,6,5,2004,2004,0,759,0,80,839,864,729,0,1,0,2,1,3,1,8,1,2004,2,398,100,75,0,0,0,0,0,4,2008,7.37337430991005,12.170445467887,6.73221070646721,6.76157276880406,6.59167373200866
"1405",1405,50,60,10410,3,4,1915,1950,0,0,0,672,672,694,520,0,0,0,1,0,3,1,6,0,1998,3,936,216,0,160,0,0,0,0,1,2006,7.10167597161944,11.5617156291397,6.51025834052315,6.5424719605068,6.25382881157547
"1409",1409,70,60,7740,4,7,1910,1950,0,0,0,622,622,741,622,0,0,0,1,0,3,1,6,0,1966,2,528,0,0,0,0,168,0,0,6,2010,7.21744343169653,11.740061037554,6.43294009273918,6.60800062529609,6.43294009273918
"1410",1410,60,46,20544,7,6,1986,1991,123,0,0,791,791,1236,857,0,0,0,2,1,3,1,7,1,1986,2,542,364,63,0,0,0,0,0,11,2008,7.646353722446,12.2783933071098,6.67329796776765,7.11963563801764,6.75343791859778
"1411",1411,60,79,12420,7,5,2001,2001,0,666,0,278,944,944,896,0,1,0,2,1,3,1,6,0,2001,2,622,0,45,0,0,0,0,0,6,2009,7.51752085060303,12.3458345879053,6.8501261661455,6.8501261661455,6.79794041297493
"1412",1412,50,80,9600,6,8,1950,2005,0,120,0,736,856,1112,556,0,0,0,1,1,3,1,6,0,1950,1,271,0,0,0,0,0,0,0,9,2009,7.41938058291869,11.8493977015914,6.75227037614174,7.01391547481053,6.32076829425058
"1415",1415,50,64,13053,6,7,1923,2000,0,0,0,833,833,1053,795,0,0,0,1,1,4,1,8,1,1922,2,370,0,0,0,0,220,0,0,6,2008,7.52185925220163,12.2404740722475,6.72503364216684,6.95939851213398,6.67834211465433
"1417",1417,190,60,11340,4,6,1885,1950,0,0,0,777,777,1246,1044,0,0,0,2,0,4,2,11,0,1971,2,560,0,0,114,0,0,0,0,4,2010,7.73630709654828,11.7158663089669,6.65544035036765,7.1276936993474,6.95081476844258
"1421",1421,60,90,11700,6,6,1968,1968,420,404,0,304,708,708,708,0,0,0,2,1,3,1,7,1,1968,2,776,0,169,0,0,119,0,0,5,2006,7.25559127425367,12.1001564199386,6.56244409369372,6.56244409369372,6.56244409369372
"1427",1427,60,81,10944,7,5,1994,1994,448,1000,0,223,1223,1223,904,0,1,0,2,1,3,1,5,2,1994,2,525,171,132,0,0,0,0,0,8,2008,7.66246781520024,12.5098740998618,7.10906213568717,7.10906213568717,6.80682936039218
"1428",1428,50,60,10930,5,6,1945,1950,0,580,0,333,913,1048,510,0,1,0,1,1,3,1,6,1,1962,1,288,0,0,0,0,0,0,0,4,2008,7.35115822643069,11.8493977015914,6.81673588059497,6.95463886488099,6.23441072571837
"1431",1431,60,60,21930,5,5,2005,2005,0,0,0,732,732,734,1104,0,0,0,2,1,4,1,7,1,2005,2,372,100,40,0,0,0,0,0,7,2006,7.51643330291563,12.1659795519637,6.59578051396131,6.59850902861452,7.00669522683704
"1434",1434,60,93,10261,6,5,2000,2000,318,0,0,936,936,962,830,0,1,0,2,1,3,1,8,1,2000,2,451,0,0,0,0,0,0,0,5,2008,7.49108759353488,12.136186518066,6.84161547647759,6.86901445066571,6.72142570079064
"1440",1440,60,80,11584,7,6,1979,1979,96,315,110,114,539,1040,685,0,0,0,2,1,3,1,6,1,1979,2,550,0,88,216,0,0,0,0,11,2007,7.45298232946546,12.1909590077201,6.289715570909,6.94697599213542,6.52941883826223
"1441",1441,70,79,11526,6,7,1922,1994,0,0,0,588,588,1423,748,384,0,0,2,0,3,1,11,1,1993,2,672,431,0,0,0,0,0,0,9,2008,7.8458075026378,12.1600287070288,6.37672694789863,7.26052259808985,6.61740297797448
"1443",1443,60,85,11003,10,5,2008,2008,160,765,0,252,1017,1026,981,0,1,0,2,1,3,1,10,1,2008,3,812,168,52,0,0,0,0,0,4,2009,7.60439634879634,12.6443275764613,6.92461239604856,6.93342302573071,6.88857245956536
"1448",1448,60,80,10000,8,5,1995,1996,438,1079,0,141,1220,1220,870,0,1,0,2,1,3,1,8,1,1995,2,556,0,65,0,0,0,0,0,12,2007,7.64491934495886,12.3883942023241,7.1066061377273,7.1066061377273,6.76849321164863
"1449",1449,50,70,11767,4,7,1910,2000,0,0,0,560,560,796,550,0,0,0,1,1,2,1,6,0,1950,1,384,168,24,0,0,0,0,0,5,2007,7.20489251020467,11.6262541502772,6.32793678372919,6.67959918584438,6.30991827822652
"1456",1456,60,62,7917,6,5,1999,2000,0,0,0,953,953,953,694,0,0,0,2,1,3,1,7,1,1999,2,460,0,40,0,0,0,0,0,8,2007,7.40671073017764,12.0725412529057,6.8596149036542,6.8596149036542,6.5424719605068
"1458",1458,70,66,9042,7,9,1941,2006,0,275,0,877,1152,1188,1152,0,0,0,2,0,4,1,9,2,1941,1,252,0,60,0,0,0,0,2500,5,2010,7.75790620835175,12.493129522588,7.04925484125584,7.08002649992259,7.04925484125584
